station,date,tmin,tmax,pluie,vent
01014002,2026-10-01,14.6,18.5,5.2,18.36
01027003,2026-10-01,17.2,19.7,,
01034004,2026-10-01,16.9,18.2,14.4,10.44
01064001,2026-10-01,16.8,18.6,25.4,
01071001,2026-10-01,16.8,18.7,3.4,9
01072001,2026-10-01,16.6,20.2,2.6,
01089001,2026-10-01,17,19.7,2.8,19.08
01143002,2026-10-01,15.2,19.7,3.2,
01200002,2026-10-01,15,17.1,2,
01235001,2026-10-01,16.8,19.7,4,
01247003,2026-10-01,12,15.4,4.7,
01269001,2026-10-01,15.2,18.4,17.5,
01367002,2026-10-01,17.1,20.7,2.8,
01384003,2026-10-01,16.8,18.9,2.7,
01414001,2026-10-01,13.8,15.4,12.9,16.92
02037002,2026-10-01,16.8,21.9,0.2,18.72
02058001,2026-10-01,16.2,23,0,
02094001,2026-10-01,15.2,21.2,0.2,19.44
02110002,2026-10-01,16,22.2,0,17.64
02173002,2026-10-01,15.7,21.8,0.2,22.32
02320001,2026-10-01,15.5,21.6,0,21.6
02321002,2026-10-01,15.8,21.2,0,20.16
02346001,2026-10-01,14.1,22.9,0.2,
02381001,2026-10-01,16.1,22.5,0,
02471001,2026-10-01,14,22.6,0.2,
02585001,2026-10-01,14.4,23.4,0.2,
02705001,2026-10-01,14.7,22.8,0.2,19.8
02738001,2026-10-01,16.5,22.7,0.2,
03036002,2026-10-01,15.7,21.2,0,
03059001,2026-10-01,15.7,21,0.6,
03060001,2026-10-01,15.9,20.2,1.6,15.12
03061001,2026-10-01,14.9,18.8,1.2,
03074001,2026-10-01,16.3,21.6,1.4,
03100001,2026-10-01,16.7,21.7,1.2,
03106002,2026-10-01,13.6,18.4,0.2,
03108001,2026-10-01,12.9,16.9,0.2,
03114001,2026-10-01,16.1,21.7,1.6,
03125001,2026-10-01,13,15.2,7.5,
03130002,2026-10-01,15.7,20.7,0.2,
03155003,2026-10-01,16.1,21.4,0.1,16.2
03162001,2026-10-01,15.9,21.4,0.2,
03180001,2026-10-01,15.9,20.9,1,15.12
03185007,2026-10-01,15.6,21.1,0,15.48
03204001,2026-10-01,16.1,22.8,0.4,
03226001,2026-10-01,15.9,19.5,1.8,
03240001,2026-10-01,15.1,19.9,1.6,
03248001,2026-10-01,11.4,13.2,2.3,22.68
03285001,2026-10-01,15.4,21.4,0.2,
03310001,2026-10-01,15.9,19.7,1.8,
03321001,2026-10-01,16.2,22,0.6,
04006005,2026-10-01,10.1,15.4,1.2,
04019001,2026-10-01,11.2,18.4,0,10.44
04022001,2026-10-01,13.3,21.1,0,
04023001,2026-10-01,13,17.8,0,
04024004,2026-10-01,12.8,18.1,0.2,
04039001,2026-10-01,13.1,20.5,0.2,
04041001,2026-10-01,15.2,19.6,0,
04049001,2026-10-01,15.5,19.5,0,15.48
04068001,2026-10-01,15.5,19.9,0.2,13.32
04070009,2026-10-01,14.5,18.6,0,14.76
04096002,2026-10-01,11.3,18.1,0.1,
04096401,2026-10-01,5.3,7.8,,10.8
04115001,2026-10-01,11.6,18.8,0.2,
04126001,2026-10-01,11.4,16.1,3.2,
04134002,2026-10-01,14.1,19.4,0.2,7.2
04136001,2026-10-01,12.7,21,0.2,11.16
04184001,2026-10-01,13.5,18.3,0,
04209005,2026-10-01,15,19.8,0,10.8
04222001,2026-10-01,12.3,17.2,0,
04230001,2026-10-01,14.7,18.7,0,11.52
05004001,2026-10-01,10.9,16.1,0.7,
05007003,2026-10-01,8.7,13,0.6,7.56
05026400,2026-10-01,9.9,13.8,1.5,
05027001,2026-10-01,9.8,14.5,0.6,
05038001,2026-10-01,10.3,16.9,0.2,
05044400,2026-10-01,4.7,7.3,,14.76
05046001,2026-10-01,13.3,18.9,0,13.68
05055001,2026-10-01,13.3,18.6,0,9
05061009,2026-10-01,13.2,18.2,2.4,9
05063402,2026-10-01,3,4.4,,
05064403,2026-10-01,9.4,18.6,1.5,
05070003,2026-10-01,14.9,20,0.2,10.44
05077402,2026-10-01,4.7,7,,
05079402,2026-10-01,5.3,7.3,,
05090002,2026-10-01,11.4,15.1,3.8,
05096404,2026-10-01,6.9,9.3,,
05098001,2026-10-01,10,14.8,0,
05101001,2026-10-01,11.2,18.6,0.6,
05110001,2026-10-01,10.8,16.9,0.8,
05120002,2026-10-01,8.5,14.7,0.5,17.28
05126001,2026-10-01,14.7,20.6,0,13.68
05136002,2026-10-01,13,19.8,1,10.8
05139006,2026-10-01,11.5,16.7,0.2,
05142001,2026-10-01,12.8,18.4,0.1,
05145002,2026-10-01,11.4,16.8,2.4,10.08
05158001,2026-10-01,13.5,19,0.2,
05170001,2026-10-01,14.6,19.6,0.2,13.32
05179001,2026-10-01,13.3,18.7,0.2,
05181002,2026-10-01,10.5,15.3,3.4,19.8
05182001,2026-10-01,12.1,17.1,0.8,
05183001,2026-10-01,11.2,18.2,1,12.96
06004002,2026-10-01,20.5,25.8,0,16.56
06004004,2026-10-01,19.1,25.7,0.2,
06004009,2026-10-01,18.9,25.3,0,
06005001,2026-10-01,10.8,18,0.1,14.76
06016001,2026-10-01,9.3,17.2,0.3,
06029001,2026-10-01,19.1,25.5,0,9.72
06033002,2026-10-01,18,25.5,0,
06037002,2026-10-01,10.8,15.9,0.3,14.76
06038001,2026-10-01,17.9,23.2,0,16.92
06050002,2026-10-01,12.9,18.4,0.4,
06059003,2026-10-01,15.8,20.3,0.4,
06071001,2026-10-01,13,22.1,0,
06073005,2026-10-01,6.5,11.8,0.2,
06074005,2026-10-01,14.7,22.9,0,
06075007,2026-10-01,14.1,19.9,0,26.64
06077006,2026-10-01,10.3,16.4,0,16.92
06079002,2026-10-01,18.1,24.9,0,14.04
06081001,2026-10-01,8.9,16,0.1,14.76
06083005,2026-10-01,20.7,24.7,0.2,22.68
06086001,2026-10-01,13.7,20.8,0,
06088001,2026-10-01,21.1,25.8,0,33.12
06088007,2026-10-01,18.4,24.4,0.2,20.16
06090002,2026-10-01,19.2,25.1,0,10.8
06091003,2026-10-01,13.2,18.1,0.2,15.12
06094002,2026-10-01,7.6,12.7,0.1,13.32
06099004,2026-10-01,14.9,24.9,0,
06102001,2026-10-01,11.3,20.3,0,
06103002,2026-10-01,13.2,20.4,0.1,
06118002,2026-10-01,14.7,20.6,0.2,18
06120004,2026-10-01,11.3,17.5,0,
06125001,2026-10-01,8.4,13.3,0.6,
06136005,2026-10-01,15.1,21.5,0,17.28
06152002,2026-10-01,20.9,25.7,0,10.44
06153400,2026-10-01,4.9,7.7,,
06163001,2026-10-01,13.4,21.6,0,
06163007,2026-10-01,14.8,22.5,0,
07005001,2026-10-01,17.1,22.5,0,
07010001,2026-10-01,17.8,20.8,2.4,
07011002,2026-10-01,16.2,19.2,8.7,
07019005,2026-10-01,17.5,22.4,0.6,
07025001,2026-10-01,16.2,18.8,21.3,9
07032002,2026-10-01,14.9,18.4,0.2,26.64
07033001,2026-10-01,17.3,21.5,1.4,
07064001,2026-10-01,16.8,20.3,12.1,
07066001,2026-10-01,17.1,21,0.4,
07068001,2026-10-01,15.9,19.7,3.2,21.6
07075001,2026-10-01,14,19.7,28,
07096001,2026-10-01,14.5,17.6,3,15.48
07099001,2026-10-01,16.3,22.6,0.2,
07101001,2026-10-01,17.7,21.9,5,
07105001,2026-10-01,12.8,17.8,26.9,
07105003,2026-10-01,12.5,17.9,15,
07117002,2026-10-01,16.9,20.7,6.2,
07128001,2026-10-01,13.2,15.4,23.5,
07131001,2026-10-01,17,22.5,1,15.48
07153001,2026-10-01,15.7,17.8,14.9,
07154005,2026-10-01,12.7,15.6,20.7,23.04
07159001,2026-10-01,16.9,22.3,2.4,
07161001,2026-10-01,15.3,17.5,10.3,
07168001,2026-10-01,17.1,22.9,0.6,
07172002,2026-10-01,16,19.4,2.7,20.16
07187001,2026-10-01,14.2,16.1,10.8,28.8
07202002,2026-10-01,16.2,17.7,13,
07204008,2026-10-01,13,17.6,5,21.6
07232001,2026-10-01,14,19,18.2,
07240001,2026-10-01,18.3,22.2,1.4,
07261001,2026-10-01,17.1,21.2,0.6,
07265001,2026-10-01,16.1,18.9,2,
07279001,2026-10-01,17.4,23.7,0,
07286002,2026-10-01,15.7,19.6,6.8,
07301002,2026-10-01,16,18.1,9.2,
07315004,2026-10-01,14.2,15.8,18.9,
07331001,2026-10-01,17,21.1,4.2,
07334004,2026-10-01,17.8,21.7,3.9,
07338001,2026-10-01,15.9,18.5,3.4,
07347001,2026-10-01,16.6,18.7,8,
08046001,2026-10-01,16.7,23.5,0.2,
08089003,2026-10-01,16.6,21.6,1,
08105005,2026-10-01,14.8,22.3,0.4,21.6
08116001,2026-10-01,16.1,22.9,0.6,
08145001,2026-10-01,16.5,22,0.6,20.52
08207001,2026-10-01,16.7,23.3,0.6,
08239001,2026-10-01,13.8,23.2,0.6,
08244001,2026-10-01,14,21.9,0.6,
08248002,2026-10-01,15.8,21.8,0.4,
08254002,2026-10-01,14.9,22,0.4,
08255001,2026-10-01,15.3,21.3,0.4,
08296002,2026-10-01,15.6,22.4,0.6,
08353001,2026-10-01,17.3,22.5,0.4,15.12
08367002,2026-10-01,15.1,20.7,0.2,18
08401001,2026-10-01,15,21.6,0,23.04
08419001,2026-10-01,14,23,0.4,
08420002,2026-10-01,13.8,21.6,0.2,
09023002,2026-10-01,10.3,16.2,1.5,
09024004,2026-10-01,8.9,11,2.2,7.92
09027001,2026-10-01,13.6,17.8,0.6,
09047001,2026-10-01,15,19.4,2,
09094001,2026-10-01,15,18.6,0.4,
09099001,2026-10-01,14.6,17,0.6,18.72
09161003,2026-10-01,15.9,19.7,5.6,16.56
09181003,2026-10-01,16.2,19.6,0.4,
09199002,2026-10-01,16,19.5,0,19.44
09285400,2026-10-01,7.1,10.5,,
09289001,2026-10-01,14.2,17.4,0.4,19.8
09301001,2026-10-01,13.4,16.6,2,
09328001,2026-10-01,15.2,19.9,0,
10002001,2026-10-01,12.8,17.4,2.4,
10021001,2026-10-01,14.4,22.4,0.4,
10030001,2026-10-01,16.4,23.4,0.2,27
10042001,2026-10-01,13.8,22.7,0,
10057001,2026-10-01,14.4,22.2,0.2,20.88
10070001,2026-10-01,15.7,20.6,0.6,18
10099002,2026-10-01,16.8,22,0.4,
10119001,2026-10-01,14.8,20.3,0.8,
10130001,2026-10-01,15.4,22.9,0.4,
10166002,2026-10-01,15.9,22.9,0,
10228002,2026-10-01,17,21.1,0.7,16.92
10238001,2026-10-01,17,21.4,0.8,
10241001,2026-10-01,15.5,21.8,0.2,
10261001,2026-10-01,15.4,22.3,0.6,
10323001,2026-10-01,16.7,23.2,0,
10350001,2026-10-01,16.1,21.3,0.2,20.88
10401001,2026-10-01,16.1,21.9,1.6,
10419001,2026-10-01,16.1,21.6,0.4,
11004001,2026-10-01,16.8,20.2,0,19.8
11012001,2026-10-01,18.8,25,0,
11015001,2026-10-01,16.7,21.8,0,
11016003,2026-10-01,17.4,22.4,0.2,35.28
11028001,2026-10-01,12.6,16.4,0.2,14.04
11069001,2026-10-01,18.3,23.7,0,24.84
11076001,2026-10-01,17.5,21.1,0,18.36
11081003,2026-10-01,16.4,22.7,0.4,22.68
11124003,2026-10-01,18.5,24.7,0,23.4
11136001,2026-10-01,17.4,20.7,0,
11144001,2026-10-01,20.1,28.2,0,
11159002,2026-10-01,16.2,20,0,
11168001,2026-10-01,16.3,20.7,0,19.8
11181002,2026-10-01,15.3,18.5,0,
11185001,2026-10-01,18.7,23.9,0,
11202001,2026-10-01,19.3,26.1,0,28.08
11203004,2026-10-01,18.7,23.9,0.2,43.56
11206003,2026-10-01,17.7,21.2,1.8,
11221004,2026-10-01,14.1,16.4,0,24.84
11253001,2026-10-01,16.3,21.1,0,
11260002,2026-10-01,15.3,21.9,0,26.64
11262005,2026-10-01,17.8,25.5,0,25.56
11266001,2026-10-01,19.2,26.1,0,
11412001,2026-10-01,14.2,17,0.4,
12005001,2026-10-01,12.3,17.4,0.7,23.76
12011001,2026-10-01,15.3,16.9,0.4,
12014001,2026-10-01,13.9,16.4,1,
12039001,2026-10-01,14.5,17.1,0,
12050001,2026-10-01,14.3,16.4,1.4,
12063003,2026-10-01,15.1,19.7,5.8,
12068001,2026-10-01,14.5,17.6,0.2,
12077002,2026-10-01,15.3,19.8,3.8,16.92
12092001,2026-10-01,14.7,16.4,1,
12094002,2026-10-01,17,22.2,0,
12096001,2026-10-01,17.3,21.4,0.2,
12145001,2026-10-01,16.1,21,7.4,24.84
12150001,2026-10-01,16.2,20,0.2,
12154003,2026-10-01,17.2,20.5,0,22.32
12179001,2026-10-01,14.7,17.3,0.6,
12189001,2026-10-01,15.3,18.1,0,
12216001,2026-10-01,17.3,23.4,0.4,15.12
12224001,2026-10-01,17.3,21.4,1.8,
12253001,2026-10-01,14.1,17.8,1.2,
12254001,2026-10-01,15.5,17.8,0,20.88
12266002,2026-10-01,14.2,16.6,0,15.48
12298001,2026-10-01,17,21.1,0,
12300004,2026-10-01,15.5,19.5,0.2,21.24
13001009,2026-10-01,17.7,22.6,0.2,11.16
13004003,2026-10-01,17.8,22.9,0.6,27.72
13005003,2026-10-01,18,22,0.8,11.88
13022003,2026-10-01,17.4,22,1,11.88
13028001,2026-10-01,17.3,21.6,1.2,43.2
13030001,2026-10-01,17.6,21,0.8,
13031002,2026-10-01,17.8,21.4,0.6,
13036003,2026-10-01,18.2,22.4,0,14.76
13047001,2026-10-01,18.5,23.8,0.2,23.04
13054001,2026-10-01,19.5,24.1,0.4,28.44
13055001,2026-10-01,18.8,22.9,0.8,
13055029,2026-10-01,17.6,22,0.8,14.76
13062002,2026-10-01,16.4,20.6,0.2,16.2
13074003,2026-10-01,16.7,21.8,0,15.48
13091002,2026-10-01,17.1,22.1,0.4,14.4
13092001,2026-10-01,18.1,25.1,0.2,
13103001,2026-10-01,18.1,23.9,0,16.56
13110003,2026-10-01,16.8,21.3,0.1,8.64
13111002,2026-10-01,15.2,19.5,0.1,11.88
14047002,2026-10-01,13.1,20.6,0,
14066001,2026-10-01,13.1,20.3,0.2,26.28
14096001,2026-10-01,11.9,19.1,0,
14137001,2026-10-01,12.3,20.8,0,23.04
14216001,2026-10-01,11.2,21.3,0,16.92
14229001,2026-10-01,14,20.6,0.6,
14239001,2026-10-01,12.4,20.8,9.5,
14296001,2026-10-01,11.7,18,0,
14357002,2026-10-01,11.7,19.3,0,
14366002,2026-10-01,13,21.2,0.2,
14372001,2026-10-01,12.8,19.7,0.2,17.64
14446001,2026-10-01,13.3,19.6,0.4,
14501002,2026-10-01,12.1,21,0,
14578001,2026-10-01,12.2,18.9,0,22.32
14624001,2026-10-01,11.1,21.3,0,
14634001,2026-10-01,12.5,20.2,0.2,
14659001,2026-10-01,11.7,20.8,0,
14762004,2026-10-01,13.2,20,0.2,18
15001003,2026-10-01,12.3,19.1,7,
15014001,2026-10-01,14.8,17.7,0.4,
15014004,2026-10-01,14.7,17.7,0.4,19.8
15025001,2026-10-01,10.4,14.8,1.4,18.36
15050001,2026-10-01,12.4,17.7,0.5,
15053001,2026-10-01,11.6,18.8,1.4,20.52
15060002,2026-10-01,12.1,19.1,0.9,31.32
15085001,2026-10-01,14.1,17.5,0,
15101004,2026-10-01,11.7,16.3,0.9,
15108003,2026-10-01,12.4,20.9,1,
15114002,2026-10-01,11.8,16.7,1.4,19.44
15118002,2026-10-01,15,18.2,0.4,
15119001,2026-10-01,14.1,18.3,1.4,
15120005,2026-10-01,13.7,16.8,1.7,17.28
15122002,2026-10-01,15.3,19.6,1.4,27.36
15138001,2026-10-01,13.1,19,2.5,
15162003,2026-10-01,13.6,15.9,1.3,
15187006,2026-10-01,12.8,19.6,1.5,
15191001,2026-10-01,14.9,17.4,1.8,
15196001,2026-10-01,14.2,16.8,1,
15207002,2026-10-01,12.6,18.4,1.4,
15226001,2026-10-01,15.5,19.5,0,
15235002,2026-10-01,12,19,2,
15258004,2026-10-01,15,20.6,0.2,
16028001,2026-10-01,16.1,22.7,0.8,
16078001,2026-10-01,15,21.6,0.8,12.6
16089001,2026-10-01,16.2,23.2,0,16.56
16113001,2026-10-01,15.1,22.9,0.4,10.08
16193001,2026-10-01,16,22.8,0.2,
16225001,2026-10-01,14.8,20.8,0.4,15.12
16256001,2026-10-01,15.3,21.8,0,
16279001,2026-10-01,15.7,22.5,0,18
16363001,2026-10-01,14.9,21.6,0.4,
16366001,2026-10-01,16.2,22.9,0.2,
16390001,2026-10-01,14.8,24,0.4,14.04
16403001,2026-10-01,15.1,21.9,0.8,
17093002,2026-10-01,16.2,22.5,0,
17111001,2026-10-01,16.2,23.5,0.2,
17218001,2026-10-01,14.4,23.1,0,
17224001,2026-10-01,15.7,24,0.2,
17243002,2026-10-01,15.5,21.4,0.2,
17248001,2026-10-01,16.3,22.7,0.4,
17268002,2026-10-01,15.3,23.2,0.2,13.68
17300009,2026-10-01,16.7,21.8,0,27
17306004,2026-10-01,15.9,23.2,0.2,19.8
17308001,2026-10-01,14.1,22.1,0.2,17.28
17318001,2026-10-01,17.9,22.9,0,30.24
17323001,2026-10-01,18.3,20.6,0,27.72
17339002,2026-10-01,16.1,22.3,1.2,11.16
17353001,2026-10-01,13.7,21.4,0,
17415003,2026-10-01,15.9,23.8,0.2,11.88
17477001,2026-10-01,15.5,22.8,0.2,
18003003,2026-10-01,15,21.6,0,
18015003,2026-10-01,14.9,21.6,0.2,16.2
18033001,2026-10-01,15.5,21.8,0.2,13.32
18036001,2026-10-01,15.5,22,0.2,
18037001,2026-10-01,14.9,23,0.2,
18047001,2026-10-01,14.6,22.3,0.2,
18057003,2026-10-01,14.7,20.7,0,
18087001,2026-10-01,15.8,21.7,0,
18089001,2026-10-01,15.9,22.2,0,
18092001,2026-10-01,15.9,21.5,0.2,18.36
18109002,2026-10-01,14.4,20.7,0,
18125004,2026-10-01,15.9,22.2,0,16.2
18172003,2026-10-01,16.2,21.2,0.2,12.24
18175003,2026-10-01,15.9,20.7,0.2,17.64
18187004,2026-10-01,14.3,18.9,0.2,19.44
18207003,2026-10-01,15.2,22.6,0.2,
18223003,2026-10-01,15.3,22.1,0,
18231001,2026-10-01,16.4,22,0.2,
18242001,2026-10-01,16.2,21.7,0.2,
18279001,2026-10-01,15.5,22.6,0.2,
19010001,2026-10-01,16.3,21.7,0.6,11.52
19016001,2026-10-01,15.3,20.6,0.2,
19031008,2026-10-01,16.2,22.5,0,11.16
19033001,2026-10-01,13,17.6,0,
19034001,2026-10-01,14,18.6,1.9,
19073006,2026-10-01,14.2,18.6,0.2,11.52
19121002,2026-10-01,14,20.2,0,
19125001,2026-10-01,13.9,17.9,0.7,
19136002,2026-10-01,13.5,17.6,0.5,
19139001,2026-10-01,11.9,16,8.3,
19147001,2026-10-01,17,20.7,0,18.36
19164001,2026-10-01,12.3,16.8,0.1,15.12
19201001,2026-10-01,13.4,16.5,2.2,18.36
19237001,2026-10-01,14,17.5,2.4,
19264001,2026-10-01,14.7,18,1.8,
19272001,2026-10-01,15.6,21.5,0.2,
19275001,2026-10-01,13.7,18,0.6,
19276006,2026-10-01,14.3,19.7,0,14.04
19288004,2026-10-01,16.1,23.2,0,
20004002,2026-10-01,17.7,28.6,0,23.76
20004003,2026-10-01,21.2,29.1,0,29.16
20004014,2026-10-01,18.1,29,0,
20007402,2026-10-01,9.4,14.1,,
20023005,2026-10-01,10.9,21,15.4,
20029003,2026-10-01,17.5,23,0,
20033015,2026-10-01,19.7,28.4,0,
20040001,2026-10-01,16,27.1,5.8,
20040004,2026-10-01,14.5,22.7,11.3,29.16
20041001,2026-10-01,21.2,28.8,0,21.96
20046002,2026-10-01,19.6,28.4,0,23.76
20047006,2026-10-01,11.7,24.8,0.5,28.8
20050001,2026-10-01,18.2,29.7,4.4,25.92
20054002,2026-10-01,15.6,25.7,0.2,
20083001,2026-10-01,16.6,28.8,14.4,
20092001,2026-10-01,19.1,29.2,0,15.12
20093002,2026-10-01,21.3,26.5,0,29.52
20096008,2026-10-01,12.2,28.1,11.6,16.2
20107001,2026-10-01,22.1,27.4,0,34.92
20108002,2026-10-01,11.9,20.8,4.8,
20114002,2026-10-01,20,30,0,18
20126001,2026-10-01,16.7,24.8,0.4,
20135002,2026-10-01,14.6,25.8,0.2,
20142001,2026-10-01,11.4,25.8,0.2,
20148001,2026-10-01,16.9,27.1,0.2,22.32
20154001,2026-10-01,18.5,24.9,1,20.16
20160001,2026-10-01,14.3,24.3,0.6,19.8
20169007,2026-10-01,14.4,29,1.4,
20185003,2026-10-01,17.1,29.8,0,17.64
20190002,2026-10-01,15.1,24.3,0.4,
20209003,2026-10-01,18.4,26.4,9.5,
20211001,2026-10-01,17.2,26.8,11.4,
20223001,2026-10-01,16.4,25.7,0.4,21.6
20232002,2026-10-01,17.6,27.8,0,12.24
20235001,2026-10-01,16.1,22,0,21.6
20247001,2026-10-01,20,28.1,0,25.2
20249003,2026-10-01,15.7,29.2,0,
20254006,2026-10-01,11.1,24.3,16.8,10.08
20255003,2026-10-01,13.9,21.6,0.4,7.92
20258001,2026-10-01,12.3,24.7,20.6,16.2
20264002,2026-10-01,15.5,23.6,4.2,
20268001,2026-10-01,15.7,26.2,7,22.68
20270001,2026-10-01,18.5,26.6,3.6,14.76
20272001,2026-10-01,19.1,31.7,0,
20272004,2026-10-01,15.3,29.9,0,15.12
20273001,2026-10-01,14.5,27.1,0,
20281001,2026-10-01,21.6,26.3,0,30.96
20303002,2026-10-01,20.5,27.5,0,23.76
20312001,2026-10-01,16.5,27.4,1,
20314006,2026-10-01,15.4,26.3,0.8,13.68
20326001,2026-10-01,14.9,26.8,1.4,
20341400,2026-10-01,7.5,10.6,,
20342001,2026-10-01,19.3,27.8,0,20.52
20354008,2026-10-01,9.3,24.2,6.5,
21056001,2026-10-01,16.7,20,1,
21065001,2026-10-01,13.9,17,1.7,29.16
21116002,2026-10-01,14.4,18.5,1.6,
21131001,2026-10-01,16.8,19.8,1.8,12.6
21154001,2026-10-01,15.7,20.7,1.3,13.68
21231001,2026-10-01,16.4,20.4,0.4,
21310001,2026-10-01,15.1,20.8,1.6,
21326001,2026-10-01,14.7,19.8,2.2,
21386001,2026-10-01,15.4,19.4,1.6,
21395001,2026-10-01,14.4,18.6,2.1,
21425001,2026-10-01,15.9,21.1,2.2,
21454001,2026-10-01,16,22.8,0.8,
21473001,2026-10-01,16.3,20.8,1.4,27.36
21501003,2026-10-01,15.3,19.4,1.6,
21503001,2026-10-01,15.4,19.8,3.4,
21519001,2026-10-01,15.2,20.4,1.4,
21527001,2026-10-01,14.9,18.8,0.8,
21561003,2026-10-01,14,17.7,0.9,24.12
21564001,2026-10-01,16.3,20.3,1.4,
21567001,2026-10-01,15.4,20.4,2.4,
21584001,2026-10-01,14,18,2,18.36
21603001,2026-10-01,15.3,19.8,1.6,
21633002,2026-10-01,15.4,20.1,1.8,
21638002,2026-10-01,15.9,20.1,0.8,
22005003,2026-10-01,9.2,20.3,0,15.84
22016001,2026-10-01,12.9,20.1,0,25.56
22032002,2026-10-01,10.8,23.4,0,
22033001,2026-10-01,9.8,22.2,0,
22046003,2026-10-01,10.7,20.5,0,
22092001,2026-10-01,9.4,19.4,0,19.44
22108001,2026-10-01,9.6,21.8,0.2,
22113006,2026-10-01,9.9,19.7,0,22.68
22114003,2026-10-01,9.8,22.6,0,
22138003,2026-10-01,9.9,19.8,0.6,
22147006,2026-10-01,9.1,21.7,0.2,
22168001,2026-10-01,11.9,19.9,0,24.48
22219003,2026-10-01,9.8,19.8,0.2,12.96
22243001,2026-10-01,8,19.5,0.4,
22247002,2026-10-01,10.2,21.2,0,20.88
22261002,2026-10-01,10.7,21.2,0.2,13.32
22266001,2026-10-01,9.7,20.1,0,16.2
22282001,2026-10-01,12.3,20.6,0,20.52
22294003,2026-10-01,8.9,20.7,0,
22372001,2026-10-01,11.1,21.4,0,23.4
23008004,2026-10-01,13.9,19.5,0.2,
23013001,2026-10-01,13.7,18.5,0.2,
23021001,2026-10-01,13.5,19.4,0,
23025001,2026-10-01,14.5,19.5,0,
23030004,2026-10-01,13.9,18.5,0,14.04
23031002,2026-10-01,14.5,20.6,0.2,
23046001,2026-10-01,14.7,21.2,0,
23067001,2026-10-01,12.5,17.5,0.4,12.24
23069002,2026-10-01,12.7,17.2,0.4,
23075001,2026-10-01,14.3,19.5,0.8,
23079002,2026-10-01,13.1,17.4,0.2,12.24
23089001,2026-10-01,15,19.9,0,11.52
23090003,2026-10-01,12.4,16.6,0.2,
23113001,2026-10-01,13.3,19,0.2,
23155001,2026-10-01,14.2,19.3,0,
23176001,2026-10-01,13.9,19.5,0.4,11.16
23206002,2026-10-01,14.2,19.5,0,10.8
23209001,2026-10-01,14.1,19,0.2,
24035003,2026-10-01,14.9,20.6,0,12.6
24037005,2026-10-01,16.3,22.5,0.2,18.36
24064001,2026-10-01,15.5,22.7,0.2,
24138004,2026-10-01,15.2,20,0.2,20.52
24152001,2026-10-01,15.4,21,0.2,
24172001,2026-10-01,15.7,22.4,0.2,
24226001,2026-10-01,16,21.9,0,
24280001,2026-10-01,15.3,22.1,0.2,
24291001,2026-10-01,15.7,22.9,0,
24452001,2026-10-01,15.1,22.3,0,12.96
24453001,2026-10-01,14.5,21.2,0,12.96
24516002,2026-10-01,14.6,20.8,0,12.6
24547002,2026-10-01,15.8,22.6,0,
24550003,2026-10-01,14.9,20.8,0,14.76
25021001,2026-10-01,16.4,22.6,2.4,
25047001,2026-10-01,15.8,21.7,4.4,
25056001,2026-10-01,15.8,21.2,7.1,14.04
25087002,2026-10-01,15.5,21.6,4.4,
25127001,2026-10-01,12.9,18.3,15.8,
25219002,2026-10-01,12.4,18,8.9,19.08
25222001,2026-10-01,13.9,19.6,7.5,
25223002,2026-10-01,14.5,20.2,5.6,16.92
25254001,2026-10-01,11.3,15.8,11.7,
25285001,2026-10-01,13.1,18.3,21.8,
25320001,2026-10-01,12.9,18.3,10.3,
25334001,2026-10-01,13,18.4,3.5,
25356003,2026-10-01,12.6,18.7,16.6,15.12
25372001,2026-10-01,15.5,21.5,4.2,
25413001,2026-10-01,12.2,17.7,11.2,
25453001,2026-10-01,12.9,19.8,8.3,
25462001,2026-10-01,12.4,18,7.7,19.8
25494001,2026-10-01,11.3,15.3,11.5,14.04
25512001,2026-10-01,12.2,18.2,24.7,
25529002,2026-10-01,14.3,20.4,8.4,15.12
25621001,2026-10-01,13.2,18.6,4.7,
26002003,2026-10-01,18,22.1,9,18.72
26035001,2026-10-01,15.8,21.3,3.6,
26047001,2026-10-01,13,16.9,0.2,
26050001,2026-10-01,15.7,19.9,0.4,
26056001,2026-10-01,15.1,19.3,11.1,
26064001,2026-10-01,17.6,20.4,11.7,24.48
26074001,2026-10-01,14.9,19.2,2.7,
26113003,2026-10-01,16.4,21.1,1.8,
26116002,2026-10-01,18.2,24.3,0,
26124001,2026-10-01,18.1,21.1,0.4,23.76
26142001,2026-10-01,12.9,18.4,0,
26168001,2026-10-01,12.6,18.2,1.4,16.56
26179001,2026-10-01,17.9,20.4,20.1,
26182001,2026-10-01,16.9,21.3,0.2,
26189001,2026-10-01,14.3,19.3,0.2,
26198001,2026-10-01,17.7,22.4,2,23.04
26258001,2026-10-01,16.8,22.9,0.2,
26273002,2026-10-01,16.5,18.9,11.4,
26281001,2026-10-01,17.7,21.5,9.4,
26290002,2026-10-01,11.7,14.2,1.2,
26292002,2026-10-01,15.1,20.4,0,
26295001,2026-10-01,17.3,20.7,41.7,
26298001,2026-10-01,16.2,18.7,10.2,
26307001,2026-10-01,16,19.5,6.2,
26313001,2026-10-01,17.4,20.5,9,
26327001,2026-10-01,15.8,21.5,1.4,16.2
26328001,2026-10-01,16,20.5,4.6,
26330001,2026-10-01,17.3,21.4,28.2,
26340001,2026-10-01,13.7,19.3,0,
26361001,2026-10-01,13.9,20.1,0,
26377003,2026-10-01,16.8,21.6,0.2,
27016001,2026-10-01,11.9,23.1,0,
27056003,2026-10-01,12.2,19.7,0,23.04
27100001,2026-10-01,12.8,19.1,0,15.48
27112001,2026-10-01,11.1,21.9,0.2,
27306001,2026-10-01,13.1,21.8,0.2,
27347001,2026-10-01,11.8,20.9,0.2,19.08
27375001,2026-10-01,13.3,23.1,0.2,
27422001,2026-10-01,13.3,21.4,0.4,19.08
28051002,2026-10-01,13.8,21,0.2,
28064002,2026-10-01,13.4,21.9,0.2,
28070001,2026-10-01,13.8,21.8,0.2,13.68
28078001,2026-10-01,12.6,20.4,0.2,
28190002,2026-10-01,14.1,21.1,0,
28195001,2026-10-01,13,21.9,0.2,
28196003,2026-10-01,13.7,21.8,0.2,
28198001,2026-10-01,12.3,21.5,0.2,20.88
28206001,2026-10-01,12.7,21,0,20.16
28214003,2026-10-01,13.6,22.8,0,
28239002,2026-10-01,12.6,21.4,0.2,
28280001,2026-10-01,14.3,22.1,0,
28322001,2026-10-01,10.3,22,0,
28363001,2026-10-01,14.3,23.2,0.2,
28373002,2026-10-01,13.8,21,0.2,
28380003,2026-10-01,13.8,22.3,0,
28386001,2026-10-01,12.8,20.7,0.2,
28406002,2026-10-01,14,21.4,0.2,
28407001,2026-10-01,14,21.3,0.2,12.96
29018001,2026-10-01,6.3,19,0.2,
29022001,2026-10-01,12.4,19.9,0.2,
29041002,2026-10-01,10.7,19.8,0.2,
29075001,2026-10-01,9.1,19.6,0,22.68
29082001,2026-10-01,12.4,19.3,0,25.2
29113001,2026-10-01,10.6,20.3,0.2,
29120001,2026-10-01,11.5,19.9,0.2,22.32
29155005,2026-10-01,12.1,19.7,0.2,36.36
29163003,2026-10-01,10.1,20.6,0,18.36
29168001,2026-10-01,13.9,20.7,0,29.16
29170001,2026-10-01,8.6,20.6,0,
29178001,2026-10-01,11.8,19.3,0,22.68
29179001,2026-10-01,9.4,20,0,
29214001,2026-10-01,13.5,20.1,0,28.44
29216001,2026-10-01,8.6,19.9,0.2,19.44
29249002,2026-10-01,10.1,20.7,0.2,14.76
29263002,2026-10-01,10.6,20.2,0.2,20.52
29264001,2026-10-01,9.7,19.7,0.2,25.92
29276001,2026-10-01,10.3,19.8,0.2,20.16
29277001,2026-10-01,9.6,20.4,0.2,
29293001,2026-10-01,9.7,20,0,25.2
30003001,2026-10-01,18.5,22.6,2,25.2
30009001,2026-10-01,16.1,18.3,19.3,
30032007,2026-10-01,18.2,23.1,0.3,16.2
30068001,2026-10-01,17.8,21.1,12.5,
30076001,2026-10-01,17.6,23.2,0,
30087002,2026-10-01,15.3,16.7,27.6,8.64
30101001,2026-10-01,17.6,21.1,6.6,10.8
30129001,2026-10-01,18,19,17.5,
30132004,2026-10-01,15.9,18.7,6.6,11.16
30164001,2026-10-01,16.5,22.2,0.8,9.36
30176002,2026-10-01,15.4,17.2,10.2,10.44
30189001,2026-10-01,17.9,24.8,0,12.6
30202002,2026-10-01,17.7,23,0,
30209002,2026-10-01,17.8,22.6,0,18.72
30224001,2026-10-01,18.1,23.8,1,
30243001,2026-10-01,17.8,22.1,10.7,
30258001,2026-10-01,17.8,23.6,0,15.48
30263001,2026-10-01,17.2,18.9,16.1,
30269006,2026-10-01,17.6,18.9,16.8,
30297001,2026-10-01,13.5,18.4,32,12.6
30305001,2026-10-01,17.4,23.2,2.6,
30334003,2026-10-01,18,24,0.4,7.92
30339001,2026-10-01,10.9,13.4,41.1,37.44
30349001,2026-10-01,17.9,21,6,
30350001,2026-10-01,17.9,20.9,18.2,
30352002,2026-10-01,18.1,21.2,4.4,10.44
31011001,2026-10-01,14.3,17.7,0.4,
31035001,2026-10-01,17.6,21,0,
31037002,2026-10-01,17.3,20.5,0,
31042012,2026-10-01,13.5,18,0.6,23.76
31069001,2026-10-01,17.1,20.9,0,28.08
31070004,2026-10-01,15,19.5,4.2,
31147001,2026-10-01,14.6,18.8,2.2,14.04
31157001,2026-10-01,17.3,20.9,0,23.4
31299001,2026-10-01,17,20.7,0,22.68
31374001,2026-10-01,17.3,21,0,
31403002,2026-10-01,17.5,21.2,0,
31406002,2026-10-01,16.7,19.2,0,16.2
31451001,2026-10-01,16,19.3,0.2,
31454001,2026-10-01,16.1,19.9,0.2,
31478001,2026-10-01,15.8,19.2,0,28.8
31508400,2026-10-01,10.6,14.8,1.6,
31540001,2026-10-01,16.8,20.2,0,
31579001,2026-10-01,17.3,21.8,0,
32013005,2026-10-01,16.1,19.9,0,14.76
32035001,2026-10-01,15.7,20.2,0.2,
32107006,2026-10-01,15.2,20.3,0,18.72
32132001,2026-10-01,16.2,20.5,0.8,
32147001,2026-10-01,16.3,19.6,0.4,
32155001,2026-10-01,15.5,19.2,0,14.04
32182001,2026-10-01,16,18.6,0.6,18
32190001,2026-10-01,15.2,19.7,1.2,
32245001,2026-10-01,15.3,19,0.6,
32248001,2026-10-01,15.8,20,0.2,19.44
32256001,2026-10-01,16.2,20.1,0.2,
32315001,2026-10-01,15.1,18.8,0.8,16.2
32355001,2026-10-01,15.1,20.2,0.4,
32414001,2026-10-01,15.6,20.4,0.2,
33042001,2026-10-01,16.2,22.4,0,
33042005,2026-10-01,15.9,23.5,0,16.56
33063001,2026-10-01,16.6,22.7,0,
33080001,2026-10-01,16.4,22.4,0,
33095001,2026-10-01,15.9,20.1,0.2,
33116001,2026-10-01,15.7,19.6,0,11.88
33122003,2026-10-01,16.1,22.5,0,
33195001,2026-10-01,15.6,19.3,0,
33214002,2026-10-01,15.5,22.4,0.2,
33236002,2026-10-01,16.7,22.9,1.8,
33281001,2026-10-01,16,23.1,0,17.64
33314005,2026-10-01,16.5,22.6,0.2,15.84
33394002,2026-10-01,16.2,23.4,0.2,11.16
33415001,2026-10-01,16.3,22.2,0.2,8.28
33482001,2026-10-01,15.8,21.5,0,14.04
33484001,2026-10-01,15.7,21.2,0.4,
33494001,2026-10-01,15.7,22.2,0.2,
33504001,2026-10-01,15.9,22,1,
33529001,2026-10-01,16.1,21.6,0.6,19.8
33540001,2026-10-01,15.5,21.8,2.6,15.84
33550001,2026-10-01,16.7,23.2,0,
34028003,2026-10-01,17.4,22.1,0.2,14.4
34032002,2026-10-01,19.2,23,11.5,
34046005,2026-10-01,13.6,17.1,0.2,
34055003,2026-10-01,17.4,21.6,0,
34064003,2026-10-01,15.2,19.3,9.9,
34107006,2026-10-01,13.1,15.3,0,17.28
34142001,2026-10-01,18.2,22.1,8.5,
34144001,2026-10-01,18,23.3,1,
34150001,2026-10-01,19.5,20.5,8,
34154001,2026-10-01,18.1,20.3,7.8,18
34163001,2026-10-01,17.8,19.3,8.4,
34174002,2026-10-01,17.6,18.8,18.9,
34178001,2026-10-01,18.6,22.7,13.8,16.56
34205001,2026-10-01,14.3,17.3,5.6,26.28
34209002,2026-10-01,19.2,22.3,4.4,18.36
34217001,2026-10-01,18.3,19.6,13,10.08
34237001,2026-10-01,18,22,3,
34239002,2026-10-01,19,22,14.6,13.68
34269001,2026-10-01,17.7,23.1,0,16.92
34274001,2026-10-01,17.8,18.5,13.6,9
34277001,2026-10-01,16,18.1,10.1,
34301002,2026-10-01,18.4,19.9,2.2,20.88
34302001,2026-10-01,17.9,24.1,0.2,
34306001,2026-10-01,17.7,21.8,7,16.2
34311001,2026-10-01,18.8,22.7,3,13.68
34317001,2026-10-01,15.9,20,9.3,
34319001,2026-10-01,18.7,22.9,1.8,
34337001,2026-10-01,18.8,19.4,13.5,
35005001,2026-10-01,12.5,21.6,0.2,16.2
35026001,2026-10-01,11.5,21.9,0.2,
35044001,2026-10-01,12.4,22.6,0.2,
35057003,2026-10-01,8.9,21.5,0,15.84
35110003,2026-10-01,11.7,21.1,0.2,15.12
35115001,2026-10-01,10,21.6,0.2,
35162003,2026-10-01,12,20.4,0,10.8
35178001,2026-10-01,10.8,21.5,0.2,
35202001,2026-10-01,12.7,20.5,0,16.2
35224001,2026-10-01,12.3,21.9,0,
35225001,2026-10-01,9.8,22.5,0,
35228001,2026-10-01,10.9,20.6,0.2,18.72
35238003,2026-10-01,12.6,21.9,0.2,
35240001,2026-10-01,11.1,22.2,0,
35281001,2026-10-01,11.5,22.5,0,19.8
35294001,2026-10-01,11.7,21.7,0.2,
35335001,2026-10-01,12.5,21.7,0,
35347001,2026-10-01,11.8,21.8,0.2,
36001001,2026-10-01,13.9,19.2,0.4,
36018001,2026-10-01,15.3,24,0.2,
36034002,2026-10-01,14.4,22.9,0,
36035002,2026-10-01,13.6,22.2,0.2,
36063001,2026-10-01,15.7,21.7,0,20.88
36070001,2026-10-01,14.7,20,0.2,
36088005,2026-10-01,15.5,22.1,0.2,
36093002,2026-10-01,15.5,21.4,0.2,
36103001,2026-10-01,15,23.3,0,
36113001,2026-10-01,14.4,22.9,0.2,
36127002,2026-10-01,15.3,20.2,0.2,14.4
36139001,2026-10-01,15,21.9,0.2,
36141001,2026-10-01,15,21.1,0.2,
36147001,2026-10-01,15.3,22.9,0.2,
36155001,2026-10-01,15,22.3,0,
36169001,2026-10-01,15.2,23,0,
36173002,2026-10-01,15.2,23,0.2,14.4
36186001,2026-10-01,15.1,19.3,0,
36192001,2026-10-01,15.3,23.3,0,
36208001,2026-10-01,15.1,19.6,0.2,
36219001,2026-10-01,15.5,22.6,0.2,
37003001,2026-10-01,14.5,22.3,0.2,
37023002,2026-10-01,14.5,21.6,0.2,
37107001,2026-10-01,14.7,22.4,0.4,11.52
37113001,2026-10-01,13.8,22.6,0.2,
37119001,2026-10-01,14.4,23.1,0.2,
37122001,2026-10-01,14.3,23.1,0.2,
37128002,2026-10-01,13.2,23.6,0.2,
37170001,2026-10-01,12,22,0,
37179001,2026-10-01,14.7,21.9,0,16.56
37192001,2026-10-01,14,23.6,0.4,15.12
37213003,2026-10-01,13.4,22.1,0.2,17.28
37216003,2026-10-01,14.7,22.3,0.2,
37240001,2026-10-01,14.1,22.1,0.2,16.2
37241001,2026-10-01,12.5,22.8,0.2,
37242002,2026-10-01,13.2,23.3,0,14.76
37253001,2026-10-01,14.3,22,0.2,
38005402,2026-10-01,7.5,9,,
38021001,2026-10-01,13.5,16.5,15.7,
38034001,2026-10-01,17.4,21.1,20.5,
38046002,2026-10-01,16,18.2,4,
38053003,2026-10-01,16.5,19.5,12.5,23.76
38095001,2026-10-01,16.7,19.5,6.4,
38103002,2026-10-01,13.8,18.2,0.2,
38133001,2026-10-01,17.3,19.6,7.8,16.92
38153001,2026-10-01,14.3,15.6,5.2,
38162001,2026-10-01,16.7,18,23.1,
38185012,2026-10-01,17.9,19.5,3.4,8.28
38186001,2026-10-01,13,17.3,1,
38187400,2026-10-01,10.6,12.1,,8.64
38191002,2026-10-01,8.9,12.1,6.2,12.96
38207001,2026-10-01,12.7,15.9,2.1,
38269004,2026-10-01,13.3,17.2,2.2,15.48
38275002,2026-10-01,14.7,16.6,9.9,
38285001,2026-10-01,13.4,17.1,1.8,
38299001,2026-10-01,13.6,18.4,0,
38315002,2026-10-01,17,19.2,8.8,
38336001,2026-10-01,16.5,20.3,19.3,16.2
38342001,2026-10-01,15.3,20,0.3,
38349001,2026-10-01,17.8,23.1,3.2,
38362001,2026-10-01,15.3,18.9,6.5,
38366001,2026-10-01,13.2,17.9,4.2,
38375009,2026-10-01,10.2,13.4,1.9,
38375402,2026-10-01,3.9,5.3,,
38384001,2026-10-01,16.1,19.8,6.9,21.6
38395004,2026-10-01,13.9,15.7,8.2,
38395403,2026-10-01,10.2,11.7,,
38442008,2026-10-01,13.9,15.4,9,14.76
38446003,2026-10-01,14,15.5,22.4,
38472403,2026-10-01,11.5,13.1,,
38501001,2026-10-01,16.9,20,6.8,
38504001,2026-10-01,15.8,17.9,7.6,
38504002,2026-10-01,10.5,12.3,10.9,
38522004,2026-10-01,11.6,14.9,1.2,
38524001,2026-10-01,17.2,20,2.2,
38527001,2026-10-01,14,18.9,10.8,
38538002,2026-10-01,17.6,19.4,4,8.64
38548001,2026-10-01,13.9,17.2,2.2,17.28
38567002,2026-10-01,10.4,11.9,11,19.44
39013004,2026-10-01,16,21.4,9.4,
39097003,2026-10-01,14,19.9,1.9,13.32
39130002,2026-10-01,12.7,16.9,5.5,
39156001,2026-10-01,14.6,18.6,1.2,
39159002,2026-10-01,16.5,21.2,4,
39177001,2026-10-01,14.8,20.3,2.8,
39198001,2026-10-01,16.6,21.3,1.2,
39225002,2026-10-01,14.3,20.2,7.1,
39235001,2026-10-01,15.9,20.6,6,
39240001,2026-10-01,13.1,17.7,5.6,
39362001,2026-10-01,16.2,21.5,2.7,25.92
39413001,2026-10-01,11.7,15.5,6.4,28.44
39485002,2026-10-01,16.2,19.7,4.6,15.48
39526003,2026-10-01,16.9,22.2,1.8,23.4
40031001,2026-10-01,16.5,20.8,0,
40033001,2026-10-01,16.1,20.2,0.2,
40046001,2026-10-01,16.7,21.8,0,33.12
40065002,2026-10-01,16.6,20.5,7.6,24.12
40087001,2026-10-01,15.7,20,0,19.8
40088001,2026-10-01,16.6,19.3,0,15.48
40134001,2026-10-01,16.4,23.3,0,
40164004,2026-10-01,14.8,19.6,0,14.4
40192001,2026-10-01,16.6,19.8,0.2,19.44
40218002,2026-10-01,15.7,19.9,0.2,
40227001,2026-10-01,15.9,22.7,0,
40243001,2026-10-01,16,20.4,0,9
40246003,2026-10-01,15.9,21.3,8.2,18.36
40272002,2026-10-01,16.4,19.3,2,
40286001,2026-10-01,16.2,19.3,0.4,
40304001,2026-10-01,16.1,21.1,6,
40321002,2026-10-01,15.9,19,0.8,12.96
41018001,2026-10-01,14.3,22.3,0.2,
41050002,2026-10-01,14.1,22.2,0,
41053001,2026-10-01,13.5,21.7,0.2,14.76
41075003,2026-10-01,13.7,20.3,0,
41080001,2026-10-01,14.1,22.7,0.2,
41097001,2026-10-01,13.9,23,0.2,18
41106001,2026-10-01,14.5,22.3,0,
41152001,2026-10-01,13.9,22.2,0.2,14.76
41173003,2026-10-01,14,21.5,0,
41269001,2026-10-01,13.2,21.8,0.2,
41281001,2026-10-01,13.3,22.2,0,20.16
41285001,2026-10-01,14.8,22.2,0.2,
42005001,2026-10-01,16.9,18.6,1.8,23.4
42011001,2026-10-01,16.3,19.2,1.4,
42019005,2026-10-01,15.4,18,4.5,
42023004,2026-10-01,16,19,3.4,
42034001,2026-10-01,13.1,15.5,,
42039003,2026-10-01,11.9,15.2,13,30.6
42040001,2026-10-01,9.7,13.4,4.6,
42059001,2026-10-01,15.5,17.7,0.8,
42094003,2026-10-01,16.3,19.1,4.4,
42098001,2026-10-01,14.5,17.4,2.4,
42101001,2026-10-01,11.8,14.6,3.9,31.32
42102002,2026-10-01,13.6,16.9,1.2,
42145003,2026-10-01,14.9,17.5,1.2,
42152001,2026-10-01,15.4,17.9,2.8,
42159001,2026-10-01,13.4,15.9,2.8,
42165003,2026-10-01,15.1,17.6,5.2,
42204002,2026-10-01,12.9,16.5,1.3,
42207005,2026-10-01,17.1,19.7,2.2,13.32
42218011,2026-10-01,15.1,18.1,2.6,17.64
42224003,2026-10-01,11.6,15.1,3.8,
42227001,2026-10-01,13.4,18.8,3.8,
42239001,2026-10-01,15.3,18.1,1,
42253001,2026-10-01,15.4,18.4,0.6,28.8
42287001,2026-10-01,14.4,18.5,2.9,
42299001,2026-10-01,16.1,18.4,2.8,
42306001,2026-10-01,11.8,15.2,5,
42322001,2026-10-01,15.3,17.5,3.2,
43003001,2026-10-01,12.4,20.4,0.8,
43014001,2026-10-01,13.3,16.3,3.1,
43020002,2026-10-01,14.6,19.7,5,
43037001,2026-10-01,12.3,17,5,
43046001,2026-10-01,14.9,20.8,9.8,14.76
43062001,2026-10-01,14.1,20.2,2.8,21.24
43067001,2026-10-01,14.2,20.8,3.6,
43071001,2026-10-01,13.1,19.4,0.6,
43091005,2026-10-01,11.5,16.9,4.8,
43093001,2026-10-01,12.3,17.9,0,
43095001,2026-10-01,12.6,18.5,0.8,18
43096001,2026-10-01,15.6,20.1,2.2,28.08
43104001,2026-10-01,11.6,19.7,1.4,
43111002,2026-10-01,12.5,17.1,14.6,20.88
43118001,2026-10-01,14.9,20.5,0.8,
43130002,2026-10-01,12,17.1,5.3,25.2
43137003,2026-10-01,13.8,16.8,4.2,20.52
43150001,2026-10-01,12.7,17.6,9.1,
43162001,2026-10-01,14.5,20.2,11.5,
43212002,2026-10-01,12.5,17.8,0.4,
43223001,2026-10-01,12.9,16.7,19.3,
43234005,2026-10-01,12.8,19.3,0.6,22.68
43241002,2026-10-01,13.9,19.9,20,
43244003,2026-10-01,13.7,18.9,3.9,
43246001,2026-10-01,13.9,21.1,4.2,
43268004,2026-10-01,13.3,18.3,11.9,
44015001,2026-10-01,10.3,23,0.2,
44020001,2026-10-01,11.3,23.1,0.2,20.88
44067001,2026-10-01,9.7,22.2,0.2,
44072002,2026-10-01,12.2,21.3,0.2,
44103001,2026-10-01,12.6,21.1,0,20.52
44109012,2026-10-01,11.9,23.3,0.2,
44110002,2026-10-01,10.6,23.1,0.2,15.48
44113001,2026-10-01,11.7,22.6,0.2,
44117002,2026-10-01,12.1,23.6,0.2,
44120002,2026-10-01,10.9,22.1,0.2,
44129001,2026-10-01,11.8,21.8,0.2,
44131002,2026-10-01,13.5,21.3,0.2,
44180005,2026-10-01,11.2,23.7,0,
44181001,2026-10-01,10.6,21.5,0.2,19.08
44188001,2026-10-01,12,23.1,0.2,
45004001,2026-10-01,16,21.6,0.2,12.96
45055001,2026-10-01,14.1,21.7,0.2,20.52
45069001,2026-10-01,13.7,21.8,0.2,
45145001,2026-10-01,15.3,22.7,0.2,
45187001,2026-10-01,15.4,22.9,0.2,
45193001,2026-10-01,14.7,22.4,0.2,
45199003,2026-10-01,15.7,21.3,0.2,
45245001,2026-10-01,15.2,22.5,0.2,
45253001,2026-10-01,15,21.3,0.2,
45270002,2026-10-01,15.1,22.5,0.2,
45340002,2026-10-01,15,22,0.2,13.68
46005001,2026-10-01,15.8,21.5,0.2,
46031001,2026-10-01,15,20.3,0,
46038002,2026-10-01,16.1,21.9,0.6,
46071001,2026-10-01,13.9,17.9,2,15.48
46100001,2026-10-01,14.6,20.3,0.6,19.8
46127001,2026-10-01,14.9,20.7,0.2,12.24
46128002,2026-10-01,14.5,20.7,0.2,
46143001,2026-10-01,14.9,19.7,1,
46160001,2026-10-01,13.5,17.3,1.4,
46173006,2026-10-01,15.3,20,0.2,
46176001,2026-10-01,14.8,20.1,0.2,
46181001,2026-10-01,14,19.7,0,18.72
46197002,2026-10-01,14.5,20.8,0.2,14.04
46201001,2026-10-01,15.3,20.2,0.2,
46287001,2026-10-01,15,20.3,0,
46330002,2026-10-01,16,22.3,0.4,
46332001,2026-10-01,15.3,20.4,1.6,
47004001,2026-10-01,16.1,22.7,0.2,
47038002,2026-10-01,16,21.3,0,
47086001,2026-10-01,15.8,21.3,0,
47091001,2026-10-01,15.9,23,0.2,20.88
47093002,2026-10-01,15.5,20.4,0.2,7.92
47123002,2026-10-01,15.1,20.2,0,16.2
47138001,2026-10-01,15.3,20.3,0,
47163001,2026-10-01,16,20.9,0,
47175001,2026-10-01,15.6,21.3,0,
47213001,2026-10-01,15,20.9,0.2,
47221001,2026-10-01,15.6,20.4,0.6,
47254001,2026-10-01,15.4,19.7,0,
47323004,2026-10-01,15.9,21,0,16.56
47327001,2026-10-01,15.3,20.4,0.2,
48004001,2026-10-01,14.6,17.6,5.8,14.04
48009001,2026-10-01,14,20.6,2.8,
48020003,2026-10-01,13.7,15.1,10.9,17.28
48027002,2026-10-01,12.9,16.4,20.3,
48027003,2026-10-01,11.6,14.3,35,
48032003,2026-10-01,13.8,19.3,1.4,28.8
48036001,2026-10-01,15,17.8,18.8,
48043001,2026-10-01,12.4,17.2,7,
48045004,2026-10-01,12.4,16.9,7,16.56
48051002,2026-10-01,16.1,18.5,7.1,
48060001,2026-10-01,12.6,18.9,11.7,
48061002,2026-10-01,16.5,22.3,10.3,
48069001,2026-10-01,14.2,18,24,
48070004,2026-10-01,12.1,18.6,16.7,
48094001,2026-10-01,14.8,19.3,2.7,
48095004,2026-10-01,16.4,22.2,26.2,
48095005,2026-10-01,15.1,23.3,25.2,18
48103001,2026-10-01,16,22.6,9.5,
48108001,2026-10-01,11.7,17.8,8.5,
48110001,2026-10-01,11,18.2,1.6,
48116001,2026-10-01,15.3,19.1,17.3,
48130002,2026-10-01,15.3,17.3,29,
48146001,2026-10-01,14.4,20.3,17.3,
48148004,2026-10-01,16.1,17.2,9.4,12.96
48156002,2026-10-01,15.7,21.4,2.2,
48176002,2026-10-01,14.5,20.2,42.5,13.68
48186001,2026-10-01,15,18.4,13.2,20.88
48187003,2026-10-01,13.6,19.6,6,
48198001,2026-10-01,15.9,20.9,12.5,
49007011,2026-10-01,13.6,23.5,0,
49008001,2026-10-01,13.1,22.6,0,14.4
49020001,2026-10-01,14.2,22.8,0,18.72
49022001,2026-10-01,12.5,24.2,0,
49027001,2026-10-01,12,22.3,0,
49099003,2026-10-01,13.4,22.3,0,13.68
49138001,2026-10-01,13.2,21.7,0,15.12
49176001,2026-10-01,12.9,24.4,0.2,
49188001,2026-10-01,10,22.2,0.2,16.92
49191001,2026-10-01,11.7,22.6,0,14.04
49215002,2026-10-01,13.7,23.1,0.5,
49248003,2026-10-01,12.2,22.2,0.2,
49276001,2026-10-01,12.9,23.9,0,
49281001,2026-10-01,13.7,22.1,0,
49307001,2026-10-01,12,23,0.2,
49328001,2026-10-01,13.9,25,0,
49331003,2026-10-01,11.4,22.8,0.2,
49368001,2026-10-01,11.6,22.5,0.2,
49373001,2026-10-01,13.5,22.5,0,
50020001,2026-10-01,16.3,19,0,35.28
50082001,2026-10-01,10,19.5,0.2,
50111001,2026-10-01,12.4,19.2,1.6,17.64
50139001,2026-10-01,11.6,20.4,2,
50144001,2026-10-01,11.8,19.5,0.2,
50147001,2026-10-01,13.8,19.8,0.2,
50174001,2026-10-01,10.2,20,0.2,
50209001,2026-10-01,11.8,19.6,0.2,28.08
50215002,2026-10-01,15.2,20.3,5.1,32.76
50277001,2026-10-01,14,19.9,0,23.76
50298001,2026-10-01,12.2,23,0.8,
50410003,2026-10-01,11.9,20.7,0.2,17.64
50456001,2026-10-01,11.4,20.8,0,
50484002,2026-10-01,12.4,20.9,0.2,
50509002,2026-10-01,11.4,20.8,0.4,20.88
50514001,2026-10-01,11.8,18.9,0,
50531001,2026-10-01,11.9,19.9,0,
50562001,2026-10-01,13.2,19.8,0.2,
51015001,2026-10-01,15.9,21.9,1.4,18
51153001,2026-10-01,16.9,22.8,0,21.6
51210001,2026-10-01,15.9,24.4,0.2,
51237002,2026-10-01,16,22.1,0,21.96
51242001,2026-10-01,16.6,22.6,1,
51262001,2026-10-01,16.3,21.6,2.2,17.28
51298001,2026-10-01,14.8,21.9,0,
51388003,2026-10-01,15.4,23.5,1.2,12.24
51449002,2026-10-01,14.8,23.2,0.8,19.44
51545001,2026-10-01,16.1,23.7,0.4,
51588001,2026-10-01,16.1,22.4,1,
51590002,2026-10-01,16.3,20.9,2.2,
51595002,2026-10-01,15.5,22.3,0.2,23.04
52023002,2026-10-01,13.7,20.1,3.2,
52055001,2026-10-01,15.5,18.7,8.3,24.12
52061002,2026-10-01,13.1,18.9,2.8,
52074002,2026-10-01,14.8,18.4,3.5,
52084002,2026-10-01,13.4,18,3.4,
52114001,2026-10-01,14.1,21.5,2.4,
52123003,2026-10-01,14.7,20.8,3.4,
52131002,2026-10-01,14.7,17.7,5.6,
52145001,2026-10-01,15.9,19.2,2.4,
52197003,2026-10-01,15.6,18.4,1.6,
52248002,2026-10-01,14.2,17.9,2.6,20.52
52269001,2026-10-01,15.1,18,1.4,17.28
52294001,2026-10-01,15.1,20.9,3.2,
52332001,2026-10-01,15.2,17.8,2.6,
52348003,2026-10-01,13.6,18.5,3.8,
52443001,2026-10-01,13.3,19.7,7.2,
52447001,2026-10-01,14.5,19.1,4,
52448001,2026-10-01,16.5,21.2,4,17.64
52450002,2026-10-01,13.9,19.7,2.4,
52469001,2026-10-01,14.4,19.7,3.2,20.88
52529001,2026-10-01,15.1,19.7,2.8,
53077001,2026-10-01,10.1,22.1,0.2,
53078001,2026-10-01,11.3,22.3,0.2,
53083001,2026-10-01,12.2,20.6,0.2,
53096004,2026-10-01,11.7,21.2,0,
53097001,2026-10-01,9.5,22.1,0.2,
53110002,2026-10-01,10.9,23.2,0,14.76
53116003,2026-10-01,12.6,19.6,0,16.92
53130008,2026-10-01,11.7,21.6,0.2,20.88
53147001,2026-10-01,12.5,21.3,0,
53159002,2026-10-01,10,21,0.2,
53185001,2026-10-01,12.6,20.3,0,
54040001,2026-10-01,15.3,19.5,8,
54113002,2026-10-01,16.3,19.2,2,
54171001,2026-10-01,16.2,18.6,2.6,14.4
54181001,2026-10-01,15.4,17.8,2.8,
54182001,2026-10-01,16.3,18.7,1.8,
54322001,2026-10-01,15.8,18.8,3.2,
54405001,2026-10-01,16.2,18,2.4,20.52
54407001,2026-10-01,16.5,19.1,2.8,
54415001,2026-10-01,17,19.5,2,
54481001,2026-10-01,15.4,19.6,7.1,16.2
54526001,2026-10-01,17.7,19.9,4.8,17.28
54582001,2026-10-01,16,18.5,1.4,20.52
55014001,2026-10-01,14.3,21.3,1.2,
55041001,2026-10-01,15.3,19.5,4,
55060002,2026-10-01,15.7,19,2.4,
55067001,2026-10-01,14.3,18.4,2.8,
55073001,2026-10-01,15.6,20.3,2,
55108004,2026-10-01,15.3,19.7,2.8,
55123002,2026-10-01,15.4,19.7,3.5,
55129001,2026-10-01,15.1,18.7,3.1,17.28
55179001,2026-10-01,14.9,18.5,3.2,
55248001,2026-10-01,14.9,17.4,4.6,16.92
55328001,2026-10-01,15.8,18.3,3,
55364001,2026-10-01,15.8,21.6,1.4,15.84
55386002,2026-10-01,17,18.5,3,15.12
55443001,2026-10-01,16,18.7,3,15.12
55484001,2026-10-01,15.9,19.1,1,21.96
55517002,2026-10-01,15.5,20.7,2,
55531001,2026-10-01,15.2,21,3.4,16.2
56004001,2026-10-01,11,21,0.2,
56007001,2026-10-01,10.6,21.3,0.2,
56009001,2026-10-01,16.3,20.9,0,30.96
56009003,2026-10-01,14.4,19.8,0.2,23.04
56017003,2026-10-01,9.2,20.6,0.2,12.6
56031001,2026-10-01,9.3,20.6,0.4,
56069001,2026-10-01,15.9,20.1,0,31.32
56137001,2026-10-01,9.5,20.3,0,15.84
56144001,2026-10-01,10.2,21.5,0.5,
56151001,2026-10-01,10.4,21.4,0.2,19.44
56159001,2026-10-01,8.6,21.6,0,16.56
56163001,2026-10-01,5.2,20.7,0,
56165003,2026-10-01,10.8,21.2,0.2,14.4
56166005,2026-10-01,7.3,20.8,0.2,
56185001,2026-10-01,8.8,19.8,0.2,26.28
56186003,2026-10-01,14.6,20.6,0,16.56
56240003,2026-10-01,12.7,20.9,0.2,
56243001,2026-10-01,10,22.3,0,12.24
57019001,2026-10-01,16,18.1,4,
57039001,2026-10-01,17.1,19.4,3.4,12.6
57119001,2026-10-01,15.8,19.7,7.8,21.24
57168001,2026-10-01,15.2,19,6.6,
57251001,2026-10-01,16.6,18.9,4.4,21.96
57253001,2026-10-01,15.8,19.4,8.4,
57322001,2026-10-01,16.7,19.1,3,
57357002,2026-10-01,16.3,20.2,5,
57395001,2026-10-01,16.6,19.8,4.8,
57465001,2026-10-01,16.7,19.4,3,
57469002,2026-10-01,16.2,19.2,6.8,
57489001,2026-10-01,15.9,19.8,5.6,
57509002,2026-10-01,15.4,19.5,6.6,
57524001,2026-10-01,16.4,19.8,8,
57550001,2026-10-01,15.9,19.3,3.8,
57557001,2026-10-01,16.6,19.5,3,
57587003,2026-10-01,16.3,19.7,4.2,18.36
57623003,2026-10-01,14.6,19.1,15.6,
57644001,2026-10-01,15.7,18.7,2.4,24.12
57689001,2026-10-01,17.1,19.3,4.4,19.8
57730001,2026-10-01,16.5,18.9,4.8,
57732001,2026-10-01,15.6,18.5,4.9,21.96
57740001,2026-10-01,16.2,18.9,3.6,
58019001,2026-10-01,15.7,20.7,1,19.08
58023001,2026-10-01,14.5,20,1,
58061001,2026-10-01,16.4,22,0.2,
58062001,2026-10-01,13.5,18.3,2.1,12.24
58079004,2026-10-01,15.9,21,0.2,17.64
58104001,2026-10-01,15.7,22.2,0.4,
58106005,2026-10-01,13.3,17.7,2.8,
58132001,2026-10-01,15.4,21.2,0.4,
58145002,2026-10-01,13.8,18.7,2.2,
58148001,2026-10-01,15.7,21.1,0.4,
58149001,2026-10-01,16,20.9,1.6,
58160001,2026-10-01,16.4,21.5,0,19.08
58177001,2026-10-01,15.4,20.8,1.8,
58199001,2026-10-01,15.4,20.6,2.2,
58218006,2026-10-01,16.2,22,0,17.28
58264001,2026-10-01,16.2,21.4,0.2,
58304005,2026-10-01,15.8,21.9,0.2,
59178001,2026-10-01,15,22.7,0,
59183001,2026-10-01,16.2,20,0,26.28
59343001,2026-10-01,15.7,22,0.2,24.84
59392001,2026-10-01,17.2,22.4,0,
59512001,2026-10-01,16,22.7,0,
59534001,2026-10-01,15.9,21.8,0,18.72
59580003,2026-10-01,15.2,20.6,0,22.68
59604001,2026-10-01,15.1,22,0,
59606004,2026-10-01,16.1,22,0,22.68
59647001,2026-10-01,14,22.1,0.2,
60040001,2026-10-01,15,20.9,0.2,20.88
60107001,2026-10-01,15.3,22,0.2,
60260001,2026-10-01,14.8,21.8,0.2,
60276001,2026-10-01,15.1,22.4,0.2,
60322001,2026-10-01,14.1,20.7,0.2,21.6
60363001,2026-10-01,14.1,21.6,0.2,
60382001,2026-10-01,15.2,21.5,0.4,20.88
60445001,2026-10-01,15.3,20.5,0.4,
60500004,2026-10-01,15.2,20.8,0.2,20.16
60518001,2026-10-01,14.4,21.7,0.2,
60555002,2026-10-01,14.8,21.6,0.2,19.8
60566001,2026-10-01,13.2,19.4,0,23.76
60623001,2026-10-01,13.8,20.4,0.4,
60639001,2026-10-01,14.4,21.2,0,23.04
60652001,2026-10-01,13,20.8,0.4,
61001001,2026-10-01,12.7,21,0.2,20.16
61006005,2026-10-01,13.5,20.4,0.2,19.8
61124001,2026-10-01,11.8,18.9,0,
61169003,2026-10-01,12,19.7,0,30.24
61179001,2026-10-01,12.6,20.3,0,
61214002,2026-10-01,12,20.9,0,21.96
61275001,2026-10-01,10.7,20.3,0.2,
61328001,2026-10-01,11.6,20.3,0,
61345003,2026-10-01,12.9,22.1,0.2,
61369001,2026-10-01,12.7,20,0.2,
61377001,2026-10-01,11.8,18.9,0.2,
61387001,2026-10-01,11.6,20.4,0.2,
61404001,2026-10-01,13,20,0.2,21.96
61426001,2026-10-01,14.1,21.9,0.2,
61464001,2026-10-01,11.9,21,0,
61479001,2026-10-01,12.2,21.1,0,
61483002,2026-10-01,11,21.2,0,
61485002,2026-10-01,12.9,20,0.2,
61491002,2026-10-01,11.9,21.1,0,
62044001,2026-10-01,15.4,20.5,0.2,
62054001,2026-10-01,16,18.8,0,37.08
62076002,2026-10-01,14.2,20.3,0.4,
62160001,2026-10-01,15.6,18.8,0,24.84
62298001,2026-10-01,15.3,21.2,0.6,22.32
62333001,2026-10-01,14.1,19.1,0.6,
62468001,2026-10-01,14.6,19.5,0.2,
62516002,2026-10-01,14.6,20.7,0.6,24.12
62548002,2026-10-01,14.7,20.1,0.2,28.44
62613001,2026-10-01,14.4,19,0,
62685001,2026-10-01,14.2,19.1,0.2,21.96
62784001,2026-10-01,14,19.8,0.4,24.48
62826001,2026-10-01,15.1,20,0.4,20.88
62873001,2026-10-01,14.9,21,0,23.4
63003004,2026-10-01,13.7,18,1.6,17.28
63006002,2026-10-01,9.7,13.7,6.2,
63038002,2026-10-01,10.4,13.8,6.4,28.08
63077001,2026-10-01,12.8,15.1,5.1,
63089001,2026-10-01,16.1,18.4,4,
63098001,2026-10-01,9.3,12.7,1.5,22.32
63113001,2026-10-01,16.6,17.9,3,16.2
63125002,2026-10-01,14.5,17.3,4.8,21.24
63129001,2026-10-01,13.7,17,1.9,
63132002,2026-10-01,13.4,15.7,7.6,
63157001,2026-10-01,14,16.7,10.5,
63163001,2026-10-01,13,14.9,1,
63178001,2026-10-01,16.3,18,2.4,14.76
63189005,2026-10-01,11.1,13,3.5,
63222001,2026-10-01,15.2,17.1,3,
63223001,2026-10-01,14.6,18.7,0.2,
63236003,2026-10-01,10.5,13.5,4.1,
63263005,2026-10-01,12,13.7,2.1,
63281001,2026-10-01,14,19.1,0.2,
63282001,2026-10-01,14.9,16.7,4.8,
63295001,2026-10-01,15.1,18.1,2.6,
63298001,2026-10-01,12.9,15.1,3.8,
63319002,2026-10-01,10.2,14.9,4,14.4
63320001,2026-10-01,12.7,16.5,0.4,
63345002,2026-10-01,12.8,14.5,4,
63353003,2026-10-01,11.3,15,1.1,12.24
63354004,2026-10-01,12.7,16.5,0.2,16.56
63382001,2026-10-01,13.5,17.2,0.2,
63393001,2026-10-01,14.2,16.7,3,
63399002,2026-10-01,12.5,14.7,1.5,19.44
63417001,2026-10-01,15.2,16.8,2.5,
63426001,2026-10-01,12.9,15.3,1.2,
63451001,2026-10-01,11,13.5,1,28.44
64006001,2026-10-01,13.9,18.9,6.8,
64010002,2026-10-01,16,18.6,4.2,9.36
64024001,2026-10-01,15.2,19.5,11.3,19.44
64068001,2026-10-01,14.2,17.2,7.6,
64092002,2026-10-01,14.9,18.4,2.4,
64109001,2026-10-01,14.7,19,1.6,
64123001,2026-10-01,16.3,19.4,0.4,
64155001,2026-10-01,15.3,18.2,3,12.96
64160001,2026-10-01,16.1,18.2,4.4,
64189001,2026-10-01,15.8,19.9,1.6,29.88
64233001,2026-10-01,15.6,18.2,0.8,
64238001,2026-10-01,13.9,18,1.2,13.32
64301002,2026-10-01,15.7,18.2,1,
64310001,2026-10-01,14.3,17.6,8.8,
64316001,2026-10-01,12.8,15.1,5,
64316003,2026-10-01,8.3,11.5,8.9,26.28
64320003,2026-10-01,13.4,17.2,9.7,
64324002,2026-10-01,14.6,18.2,5.2,
64330400,2026-10-01,7.7,12.1,,
64331002,2026-10-01,15.1,17.9,0.8,
64342001,2026-10-01,14.5,17.3,8.2,
64379001,2026-10-01,14.6,18,1,
64416001,2026-10-01,15.6,18.7,2.6,
64422007,2026-10-01,14.4,17.4,9.2,12.24
64430003,2026-10-01,16.2,19.6,1,12.6
64450001,2026-10-01,15.9,18.7,2,
64453002,2026-10-01,14.2,18.5,3,
64480001,2026-10-01,16.4,19.4,0.4,
64537001,2026-10-01,15.2,18.2,6.2,
64543001,2026-10-01,14,17.7,0.4,
64549001,2026-10-01,15.8,18.1,2,18.72
65001001,2026-10-01,14.6,19.2,1.4,23.76
65018001,2026-10-01,10.3,13.6,3.8,
65055001,2026-10-01,14.2,18.2,0.8,
65059001,2026-10-01,3.2,8.2,1.8,41.76
65059022,2026-10-01,7.5,10.4,1.6,
65125001,2026-10-01,6.6,16.6,3,18
65129003,2026-10-01,14.7,19.1,4.4,16.92
65138005,2026-10-01,8.6,11.3,3.9,
65188005,2026-10-01,9.5,13.6,3.8,
65258001,2026-10-01,13.2,16.6,1.6,
65278001,2026-10-01,13.9,17,3.8,
65283001,2026-10-01,8.7,12.2,4,16.56
65295003,2026-10-01,11.8,16.4,2.2,
65304001,2026-10-01,16,20,0.4,
65344001,2026-10-01,14.2,18,2.4,17.64
65388001,2026-10-01,12.7,18.4,3.4,
65413400,2026-10-01,6.4,9.7,,
65447001,2026-10-01,15,18.7,1.8,
65460002,2026-10-01,15.5,19.2,0.3,10.44
66024001,2026-10-01,20.2,27.2,0,
66029003,2026-10-01,17.2,25.8,0,21.24
66037001,2026-10-01,20.4,25.9,0,
66049001,2026-10-01,18.1,28.3,0,
66067402,2026-10-01,7.6,11.6,,
66074002,2026-10-01,15.9,26.4,0,
66082004,2026-10-01,10.3,18.1,0,19.44
66088003,2026-10-01,17.3,26.8,0,19.44
66119002,2026-10-01,15.4,22.5,0,
66136001,2026-10-01,20.6,26.8,0,23.76
66137003,2026-10-01,19.2,24.9,0,22.68
66148001,2026-10-01,20.3,26.1,0,
66157001,2026-10-01,11.2,20.7,0,
66183001,2026-10-01,15.4,23.3,0.2,
66187006,2026-10-01,18.4,24.9,0,40.32
66194002,2026-10-01,15.8,22.1,0,10.8
66202001,2026-10-01,9.8,20.2,5,19.44
66204002,2026-10-01,16,21.8,0,26.64
66204400,2026-10-01,8.3,10.9,,
66206004,2026-10-01,13.9,20.1,0,
66212001,2026-10-01,20.2,27,0,18.72
66230001,2026-10-01,18.3,27.1,0,
66233001,2026-10-01,17.4,26.7,0,26.28
67027001,2026-10-01,9.6,15.4,4.2,24.48
67029001,2026-10-01,15.5,18.5,8.6,18.72
67067001,2026-10-01,16.6,22.5,17.7,
67083002,2026-10-01,15.4,20.4,12.5,
67115001,2026-10-01,16.7,25.3,18.7,
67122001,2026-10-01,14.4,19.8,10.5,
67124001,2026-10-01,16.8,23.4,14.3,24.84
67126002,2026-10-01,15.9,20.1,4.6,
67165006,2026-10-01,12.1,16.9,13.1,
67180001,2026-10-01,16.9,22,11.5,
67210002,2026-10-01,13.2,20.2,4.8,
67443001,2026-10-01,17.8,22.3,4.8,15.84
67462004,2026-10-01,16.1,24.8,18.6,22.32
67482001,2026-10-01,16.5,23.1,5.7,
67498001,2026-10-01,16.7,21.1,10.2,
67507003,2026-10-01,16.1,23.4,6.6,
67516001,2026-10-01,16.2,20.6,9.2,16.56
68028001,2026-10-01,15.6,23,23.5,
68062001,2026-10-01,16.5,22.5,3.8,25.2
68066001,2026-10-01,17.2,24.7,3.5,
68102001,2026-10-01,14.1,21.4,2.9,
68112005,2026-10-01,17.7,25,1.5,
68165001,2026-10-01,15.3,20.9,20.7,
68171002,2026-10-01,14,20.8,5,
68188002,2026-10-01,17.1,22,1.8,
68190001,2026-10-01,14.4,20.4,17.3,
68205001,2026-10-01,17.4,25.2,13.8,15.48
68224006,2026-10-01,17.5,25.2,8.8,21.96
68226005,2026-10-01,15.8,22.1,3.4,
68231001,2026-10-01,16.9,25.1,30,
68247001,2026-10-01,14.6,21.6,2.5,
68247003,2026-10-01,10.8,15,3.6,23.76
68249002,2026-10-01,10,16.6,8.3,
68287001,2026-10-01,17.4,25,9.9,
68297001,2026-10-01,17,23.6,5.4,25.2
68307001,2026-10-01,14.3,20,6.8,
68338001,2026-10-01,14.4,20.3,2,
69008001,2026-10-01,15,17.7,4.9,
69028001,2026-10-01,16.4,19.7,2,12.6
69029001,2026-10-01,17.4,20.5,5.2,21.24
69066003,2026-10-01,14.7,17.1,1.6,
69114001,2026-10-01,17.5,19.5,6.8,
69123002,2026-10-01,17.7,20.4,5.6,
69135001,2026-10-01,15.3,17.4,1.2,
69141001,2026-10-01,16.7,20.4,10.1,
69174002,2026-10-01,12.8,15.3,2,52.92
69196001,2026-10-01,15.6,19.4,1,
69203001,2026-10-01,15.4,19,5.4,
69204002,2026-10-01,16.8,19.8,7,
69206001,2026-10-01,16.3,20.2,2.4,12.6
69238001,2026-10-01,15.3,18.9,1,
69239002,2026-10-01,16.8,19.3,3.2,
69258001,2026-10-01,13.6,16.1,2,14.04
69264001,2026-10-01,18.2,20.7,9.2,
69299001,2026-10-01,17,19.6,3,21.6
70006001,2026-10-01,15.7,20.4,5.6,
70061002,2026-10-01,12.1,17.1,6.6,
70104001,2026-10-01,16.6,20.5,5.6,
70132001,2026-10-01,16.2,19.8,1.7,18
70165001,2026-10-01,16.3,20.3,1.8,
70168001,2026-10-01,16.6,20.7,2.4,
70229001,2026-10-01,15.2,21.7,4.4,
70245003,2026-10-01,15.4,20.5,5.5,
70261001,2026-10-01,15.3,19.9,4.7,
70283006,2026-10-01,10.1,13.7,11.5,27.36
70414001,2026-10-01,14.4,19.8,5.3,
70447002,2026-10-01,16.2,21.1,5.9,19.8
70473001,2026-10-01,16.2,20.6,4.4,18.36
70545001,2026-10-01,16.2,19.8,3.3,14.4
70550001,2026-10-01,16.5,20.9,3,
70561002,2026-10-01,16,21.2,6.8,17.64
71014004,2026-10-01,15.5,20.4,1.7,16.92
71022003,2026-10-01,15.3,17.9,2.2,
71056003,2026-10-01,17.2,20.6,1.3,
71081001,2026-10-01,16.2,20.7,1.2,23.04
71105001,2026-10-01,16.8,20.1,0.7,15.84
71106001,2026-10-01,16.3,18.4,3.6,
71190001,2026-10-01,15.8,20.5,2.2,
71230002,2026-10-01,16.3,21.5,1,
71240001,2026-10-01,16.9,19.6,0.8,
71267001,2026-10-01,16.8,19.5,2.8,
71289001,2026-10-01,15.9,17.8,1.4,
71320001,2026-10-01,14.4,16.8,1.1,23.4
71340002,2026-10-01,16.3,19.9,1.6,
71464001,2026-10-01,15.7,20,1,
71482001,2026-10-01,16.1,20.3,1.4,
71491001,2026-10-01,16.4,20.1,1.8,22.68
71523001,2026-10-01,16.9,20.3,1.2,
71541001,2026-10-01,16.9,20.7,2.6,
71558001,2026-10-01,17,20.6,2.3,15.12
71589001,2026-10-01,16.4,21.8,2,
72042001,2026-10-01,13.8,22.3,0,
72086001,2026-10-01,13.4,21.7,0.2,
72093001,2026-10-01,11.3,22.2,0,
72137006,2026-10-01,12.2,21.2,0.2,
72172003,2026-10-01,12.2,22.2,0,13.68
72175002,2026-10-01,13.1,22.1,0,19.8
72181001,2026-10-01,12.7,22.7,0,16.56
72189001,2026-10-01,12.6,23.1,0.2,
72237001,2026-10-01,12.3,22.7,0,
72255001,2026-10-01,12.8,20.8,0,18.36
72264001,2026-10-01,12.3,23.3,0,
72275003,2026-10-01,11.2,23.7,0.2,
72284001,2026-10-01,11.9,21.9,0.2,
72339001,2026-10-01,11.5,23,0.2,
72351002,2026-10-01,11,21.7,0.2,
72357001,2026-10-01,12.2,22,0.2,
72361001,2026-10-01,12.1,21.1,0.2,
72377002,2026-10-01,12.3,23.9,0,
73013002,2026-10-01,10.5,15,7.2,
73026001,2026-10-01,12.6,20.3,0,
73034002,2026-10-01,13.9,19.1,7.1,
73040005,2026-10-01,6.9,14,4.7,
73040402,2026-10-01,4.6,6.5,,
73051001,2026-10-01,11,13.2,18,18.36
73052002,2026-10-01,13,18.6,7.4,
73054001,2026-10-01,14.8,21.5,1.4,11.88
73055001,2026-10-01,11.1,20.9,2.5,
73064001,2026-10-01,16.7,21.9,12.1,
73071403,2026-10-01,3,4.8,,
73093001,2026-10-01,7.4,9.9,,
73098003,2026-10-01,11.9,16.1,10.8,
73107001,2026-10-01,12.6,14.9,21.3,
73132003,2026-10-01,10.3,15.4,8.3,16.92
73139001,2026-10-01,14,20,16,
73139401,2026-10-01,10.2,12.9,,
73144001,2026-10-01,7.4,8.9,0.2,36.72
73146001,2026-10-01,13,21.4,8.4,
73150004,2026-10-01,8.2,11.1,2,
73167001,2026-10-01,14.1,22.3,2.9,
73171002,2026-10-01,16.4,20.8,10.8,16.56
73187006,2026-10-01,13.1,19.9,2.8,
73191001,2026-10-01,15.6,17.7,22.5,
73220001,2026-10-01,15.1,22.3,5.4,
73229001,2026-10-01,16,19.5,18.1,
73242003,2026-10-01,11.3,16.5,5.1,
73244001,2026-10-01,13.9,20.1,2.7,
73255003,2026-10-01,15.9,24.6,2,15.84
73257001,2026-10-01,10.4,16.5,2.2,
73257003,2026-10-01,4.5,6.9,,18
73257005,2026-10-01,7.5,11.1,7.3,
73258001,2026-10-01,15.7,21.7,1.1,
73261001,2026-10-01,12.6,17.9,0.9,
73261003,2026-10-01,15.8,22.8,0.8,
73280001,2026-10-01,9.9,16,6.5,
73290002,2026-10-01,12.1,18.5,3.8,
73296005,2026-10-01,8.9,11.9,5.1,
73296406,2026-10-01,5.7,7.8,,
73297003,2026-10-01,15.5,22.8,8.4,21.96
73303005,2026-10-01,15.5,23.3,5.6,
73304005,2026-10-01,10.3,14.2,3.5,12.24
73306401,2026-10-01,5.7,7.6,,
73322001,2026-10-01,8.3,13.5,1.2,
73329001,2026-10-01,16.6,19.9,8.9,17.28
74014002,2026-10-01,13.1,17.1,9.1,
74014004,2026-10-01,10.7,14.5,9.9,
74024001,2026-10-01,14.9,21.6,8.2,
74035001,2026-10-01,15.5,17.9,14.7,
74042003,2026-10-01,15.2,21.1,7,14.4
74045001,2026-10-01,13.9,21.6,7,
74051002,2026-10-01,14.7,17.4,11.7,
74056001,2026-10-01,12,20.7,4.2,10.08
74056005,2026-10-01,11.3,17.5,7.5,14.4
74056006,2026-10-01,-1,3.7,,18
74056405,2026-10-01,7.2,9,,9.72
74056421,2026-10-01,4.8,6.7,,
74060001,2026-10-01,13.6,17.9,12.8,13.32
74063002,2026-10-01,12.5,18.6,11.1,
74083002,2026-10-01,12.7,18.1,11.3,
74087001,2026-10-01,15.1,20.4,6.2,
74093001,2026-10-01,15.4,19.9,9.1,
74105002,2026-10-01,16.4,18.2,16.1,15.48
74119002,2026-10-01,16.9,20.8,9.7,
74119003,2026-10-01,15.2,19.7,16.5,12.96
74133001,2026-10-01,15.5,18.7,18.9,
74135001,2026-10-01,14.5,21.4,10.5,25.56
74136005,2026-10-01,11.6,16.5,9.7,11.16
74137001,2026-10-01,14.5,17.8,8,
74143003,2026-10-01,12.6,20,6.2,
74182001,2026-10-01,15.5,19.1,10.7,10.08
74191003,2026-10-01,10.8,15.9,8.6,
74203001,2026-10-01,13.4,17.1,19.2,
74211002,2026-10-01,15,17.5,13.9,
74221001,2026-10-01,12.4,17.5,17.4,
74236002,2026-10-01,9.4,13.7,,19.8
74256001,2026-10-01,14.6,21.8,7.4,
74258002,2026-10-01,14.2,20.4,12.3,
74266001,2026-10-01,13.9,23,5.2,
74281001,2026-10-01,17,19.4,12.5,
74285002,2026-10-01,16,17.3,9.4,13.68
74286001,2026-10-01,13.5,19.7,8.4,
74290003,2026-10-01,10.8,18.3,5.2,
75106001,2026-10-01,16.7,22.7,0,
75110001,2026-10-01,17.3,21.8,0,
75114001,2026-10-01,16,21,0.2,16.92
75114007,2026-10-01,16,20.9,,
75116008,2026-10-01,15,22.2,0.2,13.68
76116001,2026-10-01,12.6,20.1,0.4,17.28
76130001,2026-10-01,12.9,19,0.2,18.36
76171001,2026-10-01,12.1,19.9,0.2,
76208001,2026-10-01,13.4,22.1,0.4,
76217001,2026-10-01,14.4,19.2,0.4,33.48
76228001,2026-10-01,12.6,19.2,0.4,23.04
76255002,2026-10-01,15,20,0.2,
76259001,2026-10-01,15.1,19.2,0.2,28.44
76276001,2026-10-01,11.6,21.6,0.4,
76302002,2026-10-01,13.5,20.3,0.2,
76378001,2026-10-01,14.2,22.1,0.2,
76473001,2026-10-01,10.6,22,0.4,16.2
76481001,2026-10-01,15.3,19.3,0,27.72
76540009,2026-10-01,13.2,22.1,0,
76552001,2026-10-01,15.5,20.2,0,27.36
76582001,2026-10-01,12.9,20.4,0.4,
76679001,2026-10-01,12.5,19.7,0.2,
76746001,2026-10-01,13.7,18.9,0.6,27.36
77054001,2026-10-01,16.2,22.3,0,21.6
77084001,2026-10-01,15.4,23.5,0.2,15.12
77113002,2026-10-01,15.7,21.8,0.2,21.6
77148002,2026-10-01,13.8,23.2,0.2,
77159001,2026-10-01,15.5,22.7,0,
77186002,2026-10-01,13.8,22.1,0.2,
77211001,2026-10-01,15.9,21.6,0,20.16
77239001,2026-10-01,15.8,23.7,0.2,
77306001,2026-10-01,14.9,23.5,0.2,20.16
77320002,2026-10-01,15.9,22.2,0,
77333003,2026-10-01,16.4,22.9,0.2,11.52
77418001,2026-10-01,14.5,23.6,0,
77468001,2026-10-01,15.8,22.6,0.2,11.16
77489001,2026-10-01,15.9,21.8,0.2,
77530001,2026-10-01,15.7,23.2,0,
78005002,2026-10-01,14.6,22.5,0.2,14.4
78354001,2026-10-01,13.7,21.8,0.2,16.92
78380001,2026-10-01,14.6,22.9,0,
78481001,2026-10-01,15.5,23.5,0.2,
78486002,2026-10-01,14.1,21.4,0.2,
78505001,2026-10-01,14,21.2,0.2,
78562001,2026-10-01,13.5,21.5,0,
78620001,2026-10-01,14.5,22.4,0,20.16
78621001,2026-10-01,14.9,20.7,0,15.84
78640001,2026-10-01,14.4,20.7,0,21.24
78646002,2026-10-01,14.5,21.5,0,
79017001,2026-10-01,12,22.9,0,
79049004,2026-10-01,12.1,23.1,0,13.32
79079013,2026-10-01,12.2,22.8,0.2,
79134001,2026-10-01,14.3,23,0.2,
79148001,2026-10-01,14.9,23,0.2,
79174002,2026-10-01,14.9,22.8,0,12.24
79176001,2026-10-01,13.9,23.3,0,
79191005,2026-10-01,13.7,22.6,0,16.2
79202003,2026-10-01,14.6,23,0.2,
79215001,2026-10-01,13,23.2,0,
79220002,2026-10-01,14.3,23.5,0,
79270003,2026-10-01,15.4,23.7,0,
79309001,2026-10-01,14,22.3,0.2,17.64
79311002,2026-10-01,14,22.2,0,
79320002,2026-10-01,14.4,24.1,0,
79326004,2026-10-01,15,22.1,0,14.76
79329001,2026-10-01,14.3,23,0,
80001001,2026-10-01,14.1,19.6,0.6,25.2
80041001,2026-10-01,13.5,20.7,0.2,
80086002,2026-10-01,14.4,19.2,0.4,25.92
80182003,2026-10-01,15.5,19.6,0,26.64
80248001,2026-10-01,14.1,19.9,2.2,
80253002,2026-10-01,13.4,21.2,0.2,
80271002,2026-10-01,13.5,20.7,0.2,
80379002,2026-10-01,15.3,20.7,0,21.6
80523001,2026-10-01,14.7,21.3,0.2,24.12
80557001,2026-10-01,15,21.6,0.5,
80606002,2026-10-01,14.4,19.9,0,
80628001,2026-10-01,15,22.3,0,
80630001,2026-10-01,13.2,21,0,
80682001,2026-10-01,13.9,22,0.2,29.16
80713001,2026-10-01,14.4,20.3,6.5,
80801001,2026-10-01,15.7,23.3,0,
81014001,2026-10-01,14.3,16,0.6,
81069001,2026-10-01,17.4,22,0.2,
81081002,2026-10-01,16.9,20.3,0,
81115002,2026-10-01,15.6,16.3,0,20.16
81124001,2026-10-01,14.4,16.1,1.2,
81140002,2026-10-01,17.7,21.6,0,18.72
81182004,2026-10-01,14.9,16.7,0.8,18.72
81217002,2026-10-01,15.8,20.5,0.2,23.04
81284001,2026-10-01,17.5,21.5,0,18.72
81292001,2026-10-01,15.4,18.1,0.2,17.28
82033005,2026-10-01,16.7,21.4,0,16.92
82038006,2026-10-01,15.3,20.2,0.2,
82094004,2026-10-01,15.1,19.7,0.2,19.44
82121002,2026-10-01,16.9,21.5,0,19.8
82174001,2026-10-01,16,20.8,0,
82178002,2026-10-01,16.5,20.8,0,23.4
82180001,2026-10-01,16.6,20.6,0,
83002004,2026-10-01,16.5,21.9,0,
83004004,2026-10-01,17.5,23.8,1,
83007004,2026-10-01,15.3,21.9,0,
83019002,2026-10-01,18.2,21.3,2.4,5.4
83031001,2026-10-01,17.9,23.1,1.2,7.56
83035001,2026-10-01,16.9,19.4,1.8,20.52
83035002,2026-10-01,18.4,22.6,1.4,
83042001,2026-10-01,19.3,22.9,1.6,
83043005,2026-10-01,18.4,21.7,2.4,
83044003,2026-10-01,12.5,18.6,0.2,14.04
83049005,2026-10-01,18.2,22.2,1.6,12.24
83050007,2026-10-01,16.7,23.6,0.4,
83051001,2026-10-01,15.7,22.6,0.6,8.64
83061001,2026-10-01,18.7,24.3,0.6,9.36
83061007,2026-10-01,16.7,21.1,0.6,12.6
83069001,2026-10-01,19.5,22.1,3.4,13.32
83069002,2026-10-01,18.5,20.9,6.2,30.96
83069003,2026-10-01,19.1,21,5.2,29.16
83074002,2026-10-01,12.2,19.5,0.2,
83075001,2026-10-01,17.6,21.8,2.8,
83077001,2026-10-01,16.6,19.7,4.5,
83080001,2026-10-01,13.1,18.7,0,
83083001,2026-10-01,17.1,23.8,1,
83093005,2026-10-01,15.3,18.1,2,
83101001,2026-10-01,19.8,22.4,1,25.92
83102005,2026-10-01,14.4,21,0.2,12.24
83104001,2026-10-01,15.4,21.1,0.4,
83116022,2026-10-01,16.5,21.2,1.8,7.92
83124002,2026-10-01,15.7,23.6,0.1,10.8
83137001,2026-10-01,19.7,23.2,3.2,16.2
83145001,2026-10-01,15.7,20.9,0.6,
83148002,2026-10-01,17.5,21.4,1.2,14.4
83150002,2026-10-01,16.5,21.7,0.2,14.4
84003002,2026-10-01,16.3,20.7,0.2,
84003003,2026-10-01,17.3,21.5,0.2,15.12
84007005,2026-10-01,18.7,22.5,0,20.88
84009002,2026-10-01,15.8,20.2,0,14.4
84015002,2026-10-01,11.2,13.9,0.2,
84025001,2026-10-01,17.8,22.4,0.2,12.96
84031001,2026-10-01,17.4,23.1,0,11.16
84054001,2026-10-01,18.3,23.1,0,
84064001,2026-10-01,17.9,24.7,0,
84069001,2026-10-01,16.6,21.2,0.2,
84074004,2026-10-01,16.9,22.6,0,
84085004,2026-10-01,15.6,20.1,0.2,12.6
84086001,2026-10-01,14.9,18.7,0.8,30.96
84087001,2026-10-01,18,23.2,0,30.24
84094001,2026-10-01,16.8,20.3,0.4,22.68
84107002,2026-10-01,13.4,17.8,0.2,9.72
84150001,2026-10-01,17.9,22.5,0,16.2
85005001,2026-10-01,12.2,24.5,0.2,
85051001,2026-10-01,11.4,23.6,0,
85060002,2026-10-01,15.4,21.3,0.2,18
85092004,2026-10-01,13.5,24.1,0,16.2
85097001,2026-10-01,13.3,22.1,0.2,
85104001,2026-10-01,15,21.7,0,23.04
85109001,2026-10-01,11.2,23.3,0,
85113001,2026-10-01,14.7,21.5,0,23.04
85113004,2026-10-01,15.2,20.8,0.2,25.92
85152001,2026-10-01,12.7,22,0.2,
85153002,2026-10-01,10.6,22.9,0.2,
85163001,2026-10-01,15.9,20.9,0.2,28.44
85169002,2026-10-01,12,24,0.2,
85172001,2026-10-01,11.7,21.4,0.2,21.24
85182004,2026-10-01,12.8,22.5,0,15.48
85190001,2026-10-01,12.5,22.3,0,
85191003,2026-10-01,12.4,21.8,0.2,20.52
85215002,2026-10-01,10.7,22.6,0.2,
85216001,2026-10-01,11.8,24.2,0.2,21.24
86009001,2026-10-01,14.8,22.1,0,11.52
86015001,2026-10-01,15.2,22.5,0.4,
86021002,2026-10-01,14.3,22.2,0,
86027001,2026-10-01,14.4,21.9,0.2,14.4
86032001,2026-10-01,14.6,24,0.2,
86039001,2026-10-01,14.8,22.2,0,
86066001,2026-10-01,14.7,22.5,0,
86078002,2026-10-01,15.7,22.5,0.2,11.52
86097001,2026-10-01,15.8,22.3,0,
86137003,2026-10-01,14.7,22.5,0.2,18.72
86139001,2026-10-01,14.2,22.4,0,
86140001,2026-10-01,15,23.3,0.2,
86152002,2026-10-01,15.2,23.1,0.2,
86165005,2026-10-01,14.8,23.2,0.2,11.88
86273001,2026-10-01,14.8,23,0.2,
86289001,2026-10-01,14.7,23,0.2,
87009003,2026-10-01,13.3,18.3,0,
87011002,2026-10-01,14.8,20.1,1.8,
87032004,2026-10-01,14,20.1,0.2,
87041001,2026-10-01,13.8,19.6,2,
87044001,2026-10-01,13.9,20.1,0.4,
87059001,2026-10-01,14.5,21.7,0.2,
87064005,2026-10-01,13.6,19.1,0,10.08
87085006,2026-10-01,13.9,19.2,0,17.28
87089003,2026-10-01,14.7,20.2,0.6,9.72
87103002,2026-10-01,14,20.4,0.4,
87106001,2026-10-01,14.3,20.6,0.2,
87113001,2026-10-01,14.7,20.9,0.2,
87146002,2026-10-01,13.9,20.4,0,
87154003,2026-10-01,14.5,20.2,0.4,13.32
87159002,2026-10-01,12.3,17.1,0,
87183001,2026-10-01,13.3,19.2,0.8,
87187003,2026-10-01,14,20.2,0.2,11.52
88033002,2026-10-01,13.1,18.7,9.8,17.64
88075005,2026-10-01,12.4,18.1,9.5,
88081004,2026-10-01,13.4,19.9,7.7,15.48
88095003,2026-10-01,15.3,18.3,2.8,
88136001,2026-10-01,15.7,19.9,3.6,18
88147001,2026-10-01,15.2,18.9,5.4,
88176003,2026-10-01,15.9,19.9,3.7,
88196009,2026-10-01,13.1,19,9.1,
88201003,2026-10-01,15.4,19.5,3.8,
88248001,2026-10-01,15.7,18.7,2,
88271001,2026-10-01,15.5,18.2,2.2,19.44
88304006,2026-10-01,15.9,19,2,
88340001,2026-10-01,14.7,19.9,7,
88383001,2026-10-01,15,20.8,6.1,
88393003,2026-10-01,15.5,17.4,4.4,15.12
88399001,2026-10-01,14.3,19.3,13,
88402002,2026-10-01,15.9,19.5,5.6,21.24
88408002,2026-10-01,14.8,20.4,9,
88430001,2026-10-01,15,18.2,2.2,
88486003,2026-10-01,12.2,17.4,11,18.36
88487003,2026-10-01,13.7,18.4,7.5,15.84
89003001,2026-10-01,17,22.6,0,
89014001,2026-10-01,15.2,21.4,0.2,
89068001,2026-10-01,16.1,22.5,0.2,
89086001,2026-10-01,15.9,21.4,0.2,
89131001,2026-10-01,15.2,20.1,1,
89133001,2026-10-01,15.9,21.4,0,
89173001,2026-10-01,15.3,20.8,0,
89192001,2026-10-01,16.1,21,0.2,
89206001,2026-10-01,15.8,22.4,0,
89260001,2026-10-01,15.3,19.7,0,
89273001,2026-10-01,15.5,21.1,0,
89279002,2026-10-01,16.4,22.2,0.4,
89295001,2026-10-01,16.6,21.9,0.2,15.84
89333001,2026-10-01,15.4,22.6,1.4,21.96
89342001,2026-10-01,17.2,23.3,0.2,
89349005,2026-10-01,13.9,19,2.4,
89365001,2026-10-01,15.3,21.8,0,15.12
89380001,2026-10-01,15.3,21.3,0,19.08
89387002,2026-10-01,16.2,24.2,0.1,20.52
89418007,2026-10-01,16.3,21,0.1,16.56
90035001,2026-10-01,15.6,21.7,3.2,18
90044001,2026-10-01,16.4,22.9,4,
90052002,2026-10-01,15.8,21.3,2.7,
90056002,2026-10-01,15.7,21.9,6.4,
90065003,2026-10-01,10.3,14.1,8.3,
90074001,2026-10-01,16.1,21.9,4.2,
90090001,2026-10-01,14.7,20.6,9.3,
91027002,2026-10-01,15.6,22.2,0,20.52
91103001,2026-10-01,15.1,22,0.2,
91184001,2026-10-01,14.7,22.1,0,16.56
91200002,2026-10-01,14.7,21.7,0.2,14.4
91275001,2026-10-01,13.5,22.2,0.2,
91405002,2026-10-01,15.1,23.5,0,
92073001,2026-10-01,16.5,23,0,
93050001,2026-10-01,16.1,23,0.2,
94068001,2026-10-01,15.6,23.8,0,
95078001,2026-10-01,14.6,21.2,0,18
95088001,2026-10-01,16.1,22.2,0,18
95492001,2026-10-01,15.4,23.9,0.2,
95527001,2026-10-01,15.9,22.1,0,20.52
95580001,2026-10-01,15.1,21.7,0,
95690001,2026-10-01,14.2,20.3,0.2,18.72
